{
   "type": "FeatureCollection",
   "features": [
  {
    "type": "Feature",
    "geometry": {
       "type": "Point",
       "coordinates":  [ 121.400061,25.147094 ]
    },
    "properties": {
    "institution name":"八里區衛生所",
    "tel":"2610-1902",
    "address":"新北市八里區舊城路16號",
    "data_time":"2025-05-31 15:47:59",
    "district":"八里區"
    }
  },
  {
    "type": "Feature",
    "geometry": {
       "type": "Point",
       "coordinates":  [ 121.406437,25.153294 ]
    },
    "properties": {
    "institution name":"文心診所",
    "tel":"2619-1537",
    "address":"新北市八里區中山路392號",
    "data_time":"2025-05-31 15:47:59",
    "district":"八里區"
    }
  },
  {
    "type": "Feature",
    "geometry": {
       "type": "Point",
       "coordinates":  [ 121.404435,25.150055 ]
    },
    "properties": {
    "institution name":"台加診所",
    "tel":"8630-2275",
    "address":"新北市八里區中山路二段310號",
    "data_time":"2025-05-31 15:47:59",
    "district":"八里區"
    }
  },
  {
    "type": "Feature",
    "geometry": {
       "type": "Point",
       "coordinates":  [ 121.399292,25.14681 ]
    },
    "properties": {
    "institution name":"施世明診所",
    "tel":"8630-2193",
    "address":"新北市八里區華峰一街18號",
    "data_time":"2025-05-31 15:47:59",
    "district":"八里區"
    }
  },
  {
    "type": "Feature",
    "geometry": {
       "type": "Point",
       "coordinates":  [ 121.411032,25.157539 ]
    },
    "properties": {
    "institution name":"誠泰診所",
    "tel":"2610-8205",
    "address":"新北市八里區中山路一段231號",
    "data_time":"2025-05-31 15:47:59",
    "district":"八里區"
    }
  },
  {
    "type": "Feature",
    "geometry": {
       "type": "Point",
       "coordinates":  [ 121.500753,25.258408 ]
    },
    "properties": {
    "institution name":"三芝區衛生所",
    "tel":"2636-2007",
    "address":"新北市三芝區中山路一段12號",
    "data_time":"2025-05-31 15:47:59",
    "district":"三芝區"
    }
  },
  {
    "type": "Feature",
    "geometry": {
       "type": "Point",
       "coordinates":  [ 121.500762,25.257219 ]
    },
    "properties": {
    "institution name":"三芝彭小兒科",
    "tel":"2636-9622",
    "address":"新北市三芝區中山路一段59號1樓",
    "data_time":"2025-05-31 15:47:59",
    "district":"三芝區"
    }
  },
  {
    "type": "Feature",
    "geometry": {
       "type": "Point",
       "coordinates":  [ 121.491392,25.061192 ]
    },
    "properties": {
    "institution name":"三重區衛生所",
    "tel":"2982-5233",
    "address":"新北市三重區新北大道一段1號1樓",
    "data_time":"2025-05-31 15:47:59",
    "district":"三重區"
    }
  },
  {
    "type": "Feature",
    "geometry": {
       "type": "Point",
       "coordinates":  [ 121.492783,25.067321 ]
    },
    "properties": {
    "institution name":"丁婦產科診所",
    "tel":"2985-8001",
    "address":"新北市三重區自強路一段246號",
    "data_time":"2025-05-31 15:47:59",
    "district":"三重區"
    }
  },
  {
    "type": "Feature",
    "geometry": {
       "type": "Point",
       "coordinates":  [ 121.481263,25.08031 ]
    },
    "properties": {
    "institution name":"九如聯合診所",
    "tel":"2857-5600",
    "address":"新北市三重區仁愛街753號",
    "data_time":"2025-05-31 15:47:59",
    "district":"三重區"
    }
  },
  {
    "type": "Feature",
    "geometry": {
       "type": "Point",
       "coordinates":  [ 121.485681,25.063068 ]
    },
    "properties": {
    "institution name":"三民家庭醫學科診所",
    "tel":"2984-0686",
    "address":"新北市三重區三民街83號",
    "data_time":"2025-05-31 15:47:59",
    "district":"三重區"
    }
  },
  {
    "type": "Feature",
    "geometry": {
       "type": "Point",
       "coordinates":  [ 121.46966,25.046535 ]
    },
    "properties": {
    "institution name":"三重中興醫院",
    "tel":"2995-9680",
    "address":"新北市三重區中興北街21號",
    "data_time":"2025-05-31 15:47:59",
    "district":"三重區"
    }
  },
  {
    "type": "Feature",
    "geometry": {
       "type": "Point",
       "coordinates":  [ 121.496227,25.068356 ]
    },
    "properties": {
    "institution name":"三重正義好評診所",
    "tel":"2.99E+07",
    "address":"新北市三重區正義北路203號1樓",
    "data_time":"2025-05-31 15:47:59",
    "district":"三重區"
    }
  },
  {
    "type": "Feature",
    "geometry": {
       "type": "Point",
       "coordinates":  [ 121.482659,25.078744 ]
    },
    "properties": {
    "institution name":"三重祥安",
    "tel":"2280-8558",
    "address":"新北市三重區三和路四段374號",
    "data_time":"2025-05-31 15:47:59",
    "district":"三重區"
    }
  },
  {
    "type": "Feature",
    "geometry": {
       "type": "Point",
       "coordinates":  [ 121.488912,25.086176 ]
    },
    "properties": {
    "institution name":"三重華泰診所",
    "tel":"2857-7688",
    "address":"新北市三重區五華街176號",
    "data_time":"2025-05-31 15:47:59",
    "district":"三重區"
    }
  },
  {
    "type": "Feature",
    "geometry": {
       "type": "Point",
       "coordinates":  [ 121.476844,25.069637 ]
    },
    "properties": {
    "institution name":"大有診所",
    "tel":"2983-4567",
    "address":"新北市三重區中正北路374號",
    "data_time":"2025-05-31 15:47:59",
    "district":"三重區"
    }
  },
  {
    "type": "Feature",
    "geometry": {
       "type": "Point",
       "coordinates":  [ 121.496462,25.066642 ]
    },
    "properties": {
    "institution name":"大榮耳鼻喉科診所",
    "tel":"2983-3707",
    "address":"新北市三重區正義北路178號",
    "data_time":"2025-05-31 15:47:59",
    "district":"三重區"
    }
  },
  {
    "type": "Feature",
    "geometry": {
       "type": "Point",
       "coordinates":  [ 121.481739,25.080549 ]
    },
    "properties": {
    "institution name":"仁新小兒科",
    "tel":"2857-4762",
    "address":"新北市三重區仁愛街735號",
    "data_time":"2025-05-31 15:47:59",
    "district":"三重區"
    }
  },
  {
    "type": "Feature",
    "geometry": {
       "type": "Point",
       "coordinates":  [ 121.502876,25.063783 ]
    },
    "properties": {
    "institution name":"仁暉診所",
    "tel":"2972-9689",
    "address":"新北市三重區重新路一段50號2樓",
    "data_time":"2025-05-31 15:47:59",
    "district":"三重區"
    }
  },
  {
    "type": "Feature",
    "geometry": {
       "type": "Point",
       "coordinates":  [ 121.494832,25.071008 ]
    },
    "properties": {
    "institution name":"仁馨診所",
    "tel":"2989-0808",
    "address":"新北市三重區龍門路1號5樓",
    "data_time":"2025-05-31 15:47:59",
    "district":"三重區"
    }
  },
  {
    "type": "Feature",
    "geometry": {
       "type": "Point",
       "coordinates":  [ 121.483404,25.062205 ]
    },
    "properties": {
    "institution name":"友孝診所",
    "tel":"2986-3699",
    "address":"新北市三重區中華路60號1樓",
    "data_time":"2025-05-31 15:47:59",
    "district":"三重區"
    }
  },
  {
    "type": "Feature",
    "geometry": {
       "type": "Point",
       "coordinates":  [ 121.479217,25.068998 ]
    },
    "properties": {
    "institution name":"天亮耳鼻喉科診所",
    "tel":"8981-3431",
    "address":"新北市三重區中正北路314號",
    "data_time":"2025-05-31 15:47:59",
    "district":"三重區"
    }
  },
  {
    "type": "Feature",
    "geometry": {
       "type": "Point",
       "coordinates":  [ 121.48418,25.077894 ]
    },
    "properties": {
    "institution name":"世鴻耳鼻喉科小兒科聯合診所",
    "tel":"2286-6038",
    "address":"新北市三重區三和路四段318號",
    "data_time":"2025-05-31 15:47:59",
    "district":"三重區"
    }
  },
  {
    "type": "Feature",
    "geometry": {
       "type": "Point",
       "coordinates":  [ 121.495704,25.069069 ]
    },
    "properties": {
    "institution name":"正和診所",
    "tel":"2982-8828",
    "address":"新北市三重區正義北路278號",
    "data_time":"2025-05-31 15:47:59",
    "district":"三重區"
    }
  },
  {
    "type": "Feature",
    "geometry": {
       "type": "Point",
       "coordinates":  [ 121.496981,25.065788 ]
    },
    "properties": {
    "institution name":"正興診所",
    "tel":"2986-1235",
    "address":"新北市三重區正義北路113號",
    "data_time":"2025-05-31 15:47:59",
    "district":"三重區"
    }
  },
  {
    "type": "Feature",
    "geometry": {
       "type": "Point",
       "coordinates":  [ 121.483384,25.066706 ]
    },
    "properties": {
    "institution name":"吉田診所",
    "tel":"2980-1715",
    "address":"新北市三重區中正北路174之7號",
    "data_time":"2025-05-31 15:47:59",
    "district":"三重區"
    }
  },
  {
    "type": "Feature",
    "geometry": {
       "type": "Point",
       "coordinates":  [ 121.483614,25.062981 ]
    },
    "properties": {
    "institution name":"安禾診所",
    "tel":"2982-0632",
    "address":"新北市三重區中華路89號",
    "data_time":"2025-05-31 15:47:59",
    "district":"三重區"
    }
  },
  {
    "type": "Feature",
    "geometry": {
       "type": "Point",
       "coordinates":  [ 121.495382,25.061426 ]
    },
    "properties": {
    "institution name":"江村聯合診所",
    "tel":"2982-1515#16",
    "address":"新北市三重區重新路三段7號",
    "data_time":"2025-05-31 15:47:59",
    "district":"三重區"
    }
  },
  {
    "type": "Feature",
    "geometry": {
       "type": "Point",
       "coordinates":  [ 121.490083,25.058577 ]
    },
    "properties": {
    "institution name":"至安診所",
    "tel":"2977-3835",
    "address":"新北市三重區重安街6號",
    "data_time":"2025-05-31 15:47:59",
    "district":"三重區"
    }
  },
  {
    "type": "Feature",
    "geometry": {
       "type": "Point",
       "coordinates":  [ 121.498802,25.072996 ]
    },
    "properties": {
    "institution name":"吳英芳診所",
    "tel":"2975-5521",
    "address":"新北市三重區龍門路161號",
    "data_time":"2025-05-31 15:47:59",
    "district":"三重區"
    }
  },
  {
    "type": "Feature",
    "geometry": {
       "type": "Point",
       "coordinates":  [ 121.49863,25.068929 ]
    },
    "properties": {
    "institution name":"宏仁醫院",
    "tel":"2978-8877#500",
    "address":"新北市三重區三和路二段186號",
    "data_time":"2025-05-31 15:47:59",
    "district":"三重區"
    }
  },
  {
    "type": "Feature",
    "geometry": {
       "type": "Point",
       "coordinates":  [ 121.492303,25.082668 ]
    },
    "properties": {
    "institution name":"宏生診所",
    "tel":"2981-9948",
    "address":"新北市三重區仁愛街425巷91號",
    "data_time":"2025-05-31 15:47:59",
    "district":"三重區"
    }
  },
  {
    "type": "Feature",
    "geometry": {
       "type": "Point",
       "coordinates":  [ 121.488363,25.060833 ]
    },
    "properties": {
    "institution name":"宏鴻診所",
    "tel":"2978-4325",
    "address":"新北市三重區長生路67號1樓",
    "data_time":"2025-05-31 15:47:59",
    "district":"三重區"
    }
  },
  {
    "type": "Feature",
    "geometry": {
       "type": "Point",
       "coordinates":  [ 121.483253,25.076841 ]
    },
    "properties": {
    "institution name":"李振興診所",
    "tel":"2280-6657",
    "address":"新北市三重區力行路二段129號",
    "data_time":"2025-05-31 15:47:59",
    "district":"三重區"
    }
  },
  {
    "type": "Feature",
    "geometry": {
       "type": "Point",
       "coordinates":  [ 121.483614,25.062981 ]
    },
    "properties": {
    "institution name":"李瑞相診所",
    "tel":"2982-0632",
    "address":"新北市三重區中華路89號",
    "data_time":"2025-05-31 15:47:59",
    "district":"三重區"
    }
  },
  {
    "type": "Feature",
    "geometry": {
       "type": "Point",
       "coordinates":  [ 121.49206,25.08036 ]
    },
    "properties": {
    "institution name":"杏華診所",
    "tel":"8985-5615",
    "address":"新北市三重區自強路五段4號",
    "data_time":"2025-05-31 15:47:59",
    "district":"三重區"
    }
  },
  {
    "type": "Feature",
    "geometry": {
       "type": "Point",
       "coordinates":  [ 121.49329,25.081922 ]
    },
    "properties": {
    "institution name":"京辰耳鼻喉科診所",
    "tel":"2987-6226",
    "address":"新北市三重區五華街72號",
    "data_time":"2025-05-31 15:47:59",
    "district":"三重區"
    }
  },
  {
    "type": "Feature",
    "geometry": {
       "type": "Point",
       "coordinates":  [ 121.494358,25.071182 ]
    },
    "properties": {
    "institution name":"周宏法診所",
    "tel":"2988-9962",
    "address":"新北市三重區正義北路309號",
    "data_time":"2025-05-31 15:47:59",
    "district":"三重區"
    }
  },
  {
    "type": "Feature",
    "geometry": {
       "type": "Point",
       "coordinates":  [ 121.497265,25.06388 ]
    },
    "properties": {
    "institution name":"明安耳鼻喉科診所",
    "tel":"2986-2228",
    "address":"新北市三重區正義北路54號",
    "data_time":"2025-05-31 15:47:59",
    "district":"三重區"
    }
  },
  {
    "type": "Feature",
    "geometry": {
       "type": "Point",
       "coordinates":  [ 121.499534,25.068532 ]
    },
    "properties": {
    "institution name":"東和婦產科家醫科",
    "tel":"2972-9627",
    "address":"新北市三重區三和路二段97號",
    "data_time":"2025-05-31 15:47:59",
    "district":"三重區"
    }
  },
  {
    "type": "Feature",
    "geometry": {
       "type": "Point",
       "coordinates":  [ 121.485351,25.058675 ]
    },
    "properties": {
    "institution name":"林永權耳鼻喉科診所",
    "tel":"2971-4526",
    "address":"新北市三重區三陽路32號",
    "data_time":"2025-05-31 15:47:59",
    "district":"三重區"
    }
  },
  {
    "type": "Feature",
    "geometry": {
       "type": "Point",
       "coordinates":  [ 121.497078,25.064558 ]
    },
    "properties": {
    "institution name":"采新婦幼診所",
    "tel":"8985-3888#203",
    "address":"新北市三重區正義北路86號",
    "data_time":"2025-05-31 15:47:59",
    "district":"三重區"
    }
  },
  {
    "type": "Feature",
    "geometry": {
       "type": "Point",
       "coordinates":  [ 121.49209,25.07944 ]
    },
    "properties": {
    "institution name":"金港齡小兒科診所",
    "tel":"2980-2412",
    "address":"新北市三重區仁愛街302號",
    "data_time":"2025-05-31 15:47:59",
    "district":"三重區"
    }
  },
  {
    "type": "Feature",
    "geometry": {
       "type": "Point",
       "coordinates":  [ 121.497893,25.062591 ]
    },
    "properties": {
    "institution name":"保順聯合診所",
    "tel":"2985-5630",
    "address":"新北市三重區正義北路5號",
    "data_time":"2025-05-31 15:47:59",
    "district":"三重區"
    }
  },
  {
    "type": "Feature",
    "geometry": {
       "type": "Point",
       "coordinates":  [ 121.495522,25.069424 ]
    },
    "properties": {
    "institution name":"洋基耳鼻喉科",
    "tel":"8981-0900",
    "address":"新北市三重區正義北路288號",
    "data_time":"2025-05-31 15:47:59",
    "district":"三重區"
    }
  },
  {
    "type": "Feature",
    "geometry": {
       "type": "Point",
       "coordinates":  [ 121.479944,25.067607 ]
    },
    "properties": {
    "institution name":"洪小兒科診所",
    "tel":"2982-3852",
    "address":"新北市三重區三民街243號",
    "data_time":"2025-05-31 15:47:59",
    "district":"三重區"
    }
  },
  {
    "type": "Feature",
    "geometry": {
       "type": "Point",
       "coordinates":  [ 121.489985,25.053058 ]
    },
    "properties": {
    "institution name":"洪文武診所",
    "tel":"2976-5731",
    "address":"新北市三重區集美街162號",
    "data_time":"2025-05-31 15:47:59",
    "district":"三重區"
    }
  },
  {
    "type": "Feature",
    "geometry": {
       "type": "Point",
       "coordinates":  [ 121.489156,25.086228 ]
    },
    "properties": {
    "institution name":"皇嘉耳鼻喉科診所",
    "tel":"2.86E+07",
    "address":"新北市三重區五華街247號1樓",
    "data_time":"2025-05-31 15:47:59",
    "district":"三重區"
    }
  },
  {
    "type": "Feature",
    "geometry": {
       "type": "Point",
       "coordinates":  [ 121.469412,25.045391 ]
    },
    "properties": {
    "institution name":"重仁診所",
    "tel":"2995-8283",
    "address":"新北市三重區重新路五段592號",
    "data_time":"2025-05-31 15:47:59",
    "district":"三重區"
    }
  },
  {
    "type": "Feature",
    "geometry": {
       "type": "Point",
       "coordinates":  [ 121.486576,25.059867 ]
    },
    "properties": {
    "institution name":"重揚診所",
    "tel":"2985-3880",
    "address":"新北市三重區重陽路一段112號",
    "data_time":"2025-05-31 15:47:59",
    "district":"三重區"
    }
  },
  {
    "type": "Feature",
    "geometry": {
       "type": "Point",
       "coordinates":  [ 121.495618,25.061494 ]
    },
    "properties": {
    "institution name":"重新診所",
    "tel":"2976-5868",
    "address":"新北市三重區重新路二段150號",
    "data_time":"2025-05-31 15:47:59",
    "district":"三重區"
    }
  },
  {
    "type": "Feature",
    "geometry": {
       "type": "Point",
       "coordinates":  [ 121.488757,25.057754 ]
    },
    "properties": {
    "institution name":"展源內科診所",
    "tel":"8976-2808#9",
    "address":"新北市三重區重新路四段12號9樓",
    "data_time":"2025-05-31 15:47:59",
    "district":"三重區"
    }
  },
  {
    "type": "Feature",
    "geometry": {
       "type": "Point",
       "coordinates":  [ 121.496547,25.066239 ]
    },
    "properties": {
    "institution name":"益安診所",
    "tel":"8982-8775",
    "address":"新北市三重區正義北路152號",
    "data_time":"2025-05-31 15:47:59",
    "district":"三重區"
    }
  },
  {
    "type": "Feature",
    "geometry": {
       "type": "Point",
       "coordinates":  [ 121.499876,25.062795 ]
    },
    "properties": {
    "institution name":"祐民醫院",
    "tel":"2978-3456#2911",
    "address":"新北市三重區重新路二段2號",
    "data_time":"2025-05-31 15:47:59",
    "district":"三重區"
    }
  },
  {
    "type": "Feature",
    "geometry": {
       "type": "Point",
       "coordinates":  [ 121.494862,25.070388 ]
    },
    "properties": {
    "institution name":"翁華宗小兒科診所",
    "tel":"2987-9872",
    "address":"新北市三重區正義北路324號",
    "data_time":"2025-05-31 15:47:59",
    "district":"三重區"
    }
  },
  {
    "type": "Feature",
    "geometry": {
       "type": "Point",
       "coordinates":  [ 121.496318,25.068068 ]
    },
    "properties": {
    "institution name":"高柏森耳鼻喉科診所",
    "tel":"2983-9808",
    "address":"新北市三重區正義北路191號",
    "data_time":"2025-05-31 15:47:59",
    "district":"三重區"
    }
  },
  {
    "type": "Feature",
    "geometry": {
       "type": "Point",
       "coordinates":  [ 121.488916,25.080276 ]
    },
    "properties": {
    "institution name":"健福診所",
    "tel":"8985-1660",
    "address":"新北市三重區溪尾街171號",
    "data_time":"2025-05-31 15:47:59",
    "district":"三重區"
    }
  },
  {
    "type": "Feature",
    "geometry": {
       "type": "Point",
       "coordinates":  [ 121.485963,25.077261 ]
    },
    "properties": {
    "institution name":"康全診所",
    "tel":"2287-8099",
    "address":"新北市三重區三和路四段111號之32號9樓 ",
    "data_time":"2025-05-31 15:47:59",
    "district":"三重區"
    }
  },
  {
    "type": "Feature",
    "geometry": {
       "type": "Point",
       "coordinates":  [ 121.496385,25.067825 ]
    },
    "properties": {
    "institution name":"康新診所",
    "tel":"2986-5982",
    "address":"新北市三重區正義北路185號",
    "data_time":"2025-05-31 15:47:59",
    "district":"三重區"
    }
  },
  {
    "type": "Feature",
    "geometry": {
       "type": "Point",
       "coordinates":  [ 121.493651,25.061105 ]
    },
    "properties": {
    "institution name":"張必正診所",
    "tel":"8972-6657",
    "address":"新北市三重區重新路三段66號",
    "data_time":"2025-05-31 15:47:59",
    "district":"三重區"
    }
  },
  {
    "type": "Feature",
    "geometry": {
       "type": "Point",
       "coordinates":  [ 121.490831,25.084696 ]
    },
    "properties": {
    "institution name":"惟新診所",
    "tel":"2857-2559",
    "address":"新北市三重區五華街145號",
    "data_time":"2025-05-31 15:47:59",
    "district":"三重區"
    }
  },
  {
    "type": "Feature",
    "geometry": {
       "type": "Point",
       "coordinates":  [ 121.501187,25.065056 ]
    },
    "properties": {
    "institution name":"郭國鐘小兒科診所",
    "tel":"2972-6825",
    "address":"新北市三重區信義街57號",
    "data_time":"2025-05-31 15:47:59",
    "district":"三重區"
    }
  },
  {
    "type": "Feature",
    "geometry": {
       "type": "Point",
       "coordinates":  [ 121.502262,25.063681 ]
    },
    "properties": {
    "institution name":"陳內科小兒科診所",
    "tel":"2972-0611",
    "address":"新北市三重區重新路一段60號",
    "data_time":"2025-05-31 15:47:59",
    "district":"三重區"
    }
  },
  {
    "type": "Feature",
    "geometry": {
       "type": "Point",
       "coordinates":  [ 121.487702,25.057447 ]
    },
    "properties": {
    "institution name":"富康診所",
    "tel":"29886281",
    "address":"新北市三重區重新路四段53號3樓",
    "data_time":"2025-05-31 15:47:59",
    "district":"三重區"
    }
  },
  {
    "type": "Feature",
    "geometry": {
       "type": "Point",
       "coordinates":  [ 121.486584,25.060732 ]
    },
    "properties": {
    "institution name":"惠心婦幼診所",
    "tel":"2981-0568#1080",
    "address":"新北市三重區重陽路一段138號",
    "data_time":"2025-05-31 15:47:59",
    "district":"三重區"
    }
  },
  {
    "type": "Feature",
    "geometry": {
       "type": "Point",
       "coordinates":  [ 121.486278,25.052595 ]
    },
    "properties": {
    "institution name":"惠心婦產科小兒科診所",
    "tel":"2978-1998",
    "address":"新北市三重區成功路171號2至5樓、173號2至5樓",
    "data_time":"2025-05-31 15:47:59",
    "district":"三重區"
    }
  },
  {
    "type": "Feature",
    "geometry": {
       "type": "Point",
       "coordinates":  [ 121.482955,25.078559 ]
    },
    "properties": {
    "institution name":"敦和診所",
    "tel":"2286-9151",
    "address":"新北市三重區三和路四段362號",
    "data_time":"2025-05-31 15:47:59",
    "district":"三重區"
    }
  },
  {
    "type": "Feature",
    "geometry": {
       "type": "Point",
       "coordinates":  [ 121.494617,25.071696 ]
    },
    "properties": {
    "institution name":"華貞診所",
    "tel":"2971-6626",
    "address":"新北市三重區三和路三段80號",
    "data_time":"2025-05-31 15:47:59",
    "district":"三重區"
    }
  },
  {
    "type": "Feature",
    "geometry": {
       "type": "Point",
       "coordinates":  [ 121.484568,25.085337 ]
    },
    "properties": {
    "institution name":"集勇復健科診所",
    "tel":"8287-3535",
    "address":"新北市三重區集勇街60、62號",
    "data_time":"2025-05-31 15:47:59",
    "district":"三重區"
    }
  },
  {
    "type": "Feature",
    "geometry": {
       "type": "Point",
       "coordinates":  [ 121.490426,25.05325 ]
    },
    "properties": {
    "institution name":"集美診所",
    "tel":"2977-5177",
    "address":"新北市三重區集美街174之1號",
    "data_time":"2025-05-31 15:47:59",
    "district":"三重區"
    }
  },
  {
    "type": "Feature",
    "geometry": {
       "type": "Point",
       "coordinates":  [ 121.49084,25.060869 ]
    },
    "properties": {
    "institution name":"新北市立聯合醫院",
    "tel":"2982-9111#3260",
    "address":"新北市三重區新北大道一段3號",
    "data_time":"2025-05-31 15:47:59",
    "district":"三重區"
    }
  },
  {
    "type": "Feature",
    "geometry": {
       "type": "Point",
       "coordinates":  [ 121.490632,25.068935 ]
    },
    "properties": {
    "institution name":"詹益智耳鼻喉科",
    "tel":"2985-9589",
    "address":"新北市三重區重陽路四段6號",
    "data_time":"2025-05-31 15:47:59",
    "district":"三重區"
    }
  },
  {
    "type": "Feature",
    "geometry": {
       "type": "Point",
       "coordinates":  [ 121.483481,25.077724 ]
    },
    "properties": {
    "institution name":"德心診所",
    "tel":"8287-8007",
    "address":"新北市三重區力行路二段206號",
    "data_time":"2025-05-31 15:47:59",
    "district":"三重區"
    }
  },
  {
    "type": "Feature",
    "geometry": {
       "type": "Point",
       "coordinates":  [ 121.486601,25.060958 ]
    },
    "properties": {
    "institution name":"德生診所",
    "tel":"2981-2988",
    "address":"新北市三重區重陽路一段146號",
    "data_time":"2025-05-31 15:47:59",
    "district":"三重區"
    }
  },
  {
    "type": "Feature",
    "geometry": {
       "type": "Point",
       "coordinates":  [ 121.490817,25.068605 ]
    },
    "properties": {
    "institution name":"德河聯合診所",
    "tel":"8985-1515",
    "address":"新北市三重區重陽路三段117號",
    "data_time":"2025-05-31 15:47:59",
    "district":"三重區"
    }
  },
  {
    "type": "Feature",
    "geometry": {
       "type": "Point",
       "coordinates":  [ 121.489368,25.052846 ]
    },
    "properties": {
    "institution name":"德恩診所",
    "tel":"2976-6501",
    "address":"新北市三重區集成路47號",
    "data_time":"2025-05-31 15:47:59",
    "district":"三重區"
    }
  },
  {
    "type": "Feature",
    "geometry": {
       "type": "Point",
       "coordinates":  [ 121.495125,25.061377 ]
    },
    "properties": {
    "institution name":"德慈聯合診所",
    "tel":"2973-6693#16",
    "address":"新北市三重區重新路三段14號",
    "data_time":"2025-05-31 15:47:59",
    "district":"三重區"
    }
  },
  {
    "type": "Feature",
    "geometry": {
       "type": "Point",
       "coordinates":  [ 121.487013,25.073355 ]
    },
    "properties": {
    "institution name":"慶祥診所",
    "tel":"2983-4012",
    "address":"新北市三重區自強路三段67號",
    "data_time":"2025-05-31 15:47:59",
    "district":"三重區"
    }
  },
  {
    "type": "Feature",
    "geometry": {
       "type": "Point",
       "coordinates":  [ 121.491758,25.083422 ]
    },
    "properties": {
    "institution name":"膚麗康診所",
    "tel":"2980-0258",
    "address":"新北市三重區五華街128號",
    "data_time":"2025-05-31 15:47:59",
    "district":"三重區"
    }
  },
  {
    "type": "Feature",
    "geometry": {
       "type": "Point",
       "coordinates":  [ 121.499661,25.064936 ]
    },
    "properties": {
    "institution name":"輝鴻診所",
    "tel":"2976-6268",
    "address":"新北市三重區 信義街 22 號",
    "data_time":"2025-05-31 15:47:59",
    "district":"三重區"
    }
  },
  {
    "type": "Feature",
    "geometry": {
       "type": "Point",
       "coordinates":  [ 121.489926,25.077841 ]
    },
    "properties": {
    "institution name":"鄭俊堂診所",
    "tel":"2286-3333",
    "address":"新北市三重區自強路四段49號",
    "data_time":"2025-05-31 15:47:59",
    "district":"三重區"
    }
  },
  {
    "type": "Feature",
    "geometry": {
       "type": "Point",
       "coordinates":  [ 121.484413,25.077757 ]
    },
    "properties": {
    "institution name":"鄭智雄診所",
    "tel":"2280-5419",
    "address":"新北市三重區三和路四段308號",
    "data_time":"2025-05-31 15:47:59",
    "district":"三重區"
    }
  },
  {
    "type": "Feature",
    "geometry": {
       "type": "Point",
       "coordinates":  [ 121.492581,25.06038 ]
    },
    "properties": {
    "institution name":"賴美里診所",
    "tel":"8972-5629",
    "address":"新北市三重區重新路三段106號1樓",
    "data_time":"2025-05-31 15:47:59",
    "district":"三重區"
    }
  },
  {
    "type": "Feature",
    "geometry": {
       "type": "Point",
       "coordinates":  [ 121.494128,25.071343 ]
    },
    "properties": {
    "institution name":"錫安婦產科內科診所",
    "tel":"2981-2299",
    "address":"新北市三重區正義北路319號",
    "data_time":"2025-05-31 15:47:59",
    "district":"三重區"
    }
  },
  {
    "type": "Feature",
    "geometry": {
       "type": "Point",
       "coordinates":  [ 121.492634,25.082488 ]
    },
    "properties": {
    "institution name":"龍華診所",
    "tel":"2988-3500",
    "address":"新北市三重區五華街100號",
    "data_time":"2025-05-31 15:47:59",
    "district":"三重區"
    }
  },
  {
    "type": "Feature",
    "geometry": {
       "type": "Point",
       "coordinates":  [ 121.499495,25.062686 ]
    },
    "properties": {
    "institution name":"聰明耳鼻喉科診所",
    "tel":"8972-7370",
    "address":"新北市三重區重新路二段14號",
    "data_time":"2025-05-31 15:47:59",
    "district":"三重區"
    }
  },
  {
    "type": "Feature",
    "geometry": {
       "type": "Point",
       "coordinates":  [ 121.483571,25.062217 ]
    },
    "properties": {
    "institution name":"謝明宏小兒科診所",
    "tel":"2981-6425",
    "address":"新北市三重區中華路57號",
    "data_time":"2025-05-31 15:47:59",
    "district":"三重區"
    }
  },
  {
    "type": "Feature",
    "geometry": {
       "type": "Point",
       "coordinates":  [ 121.491154,25.059833 ]
    },
    "properties": {
    "institution name":"曜弘診所",
    "tel":"2984-0101",
    "address":"新北市三重區重新路三段107號",
    "data_time":"2025-05-31 15:47:59",
    "district":"三重區"
    }
  },
  {
    "type": "Feature",
    "geometry": {
       "type": "Point",
       "coordinates":  [ 121.495391,25.069667 ]
    },
    "properties": {
    "institution name":"簡修平診所",
    "tel":"8982-5506",
    "address":"新北市三重區正義北路300號之3",
    "data_time":"2025-05-31 15:47:59",
    "district":"三重區"
    }
  },
  {
    "type": "Feature",
    "geometry": {
       "type": "Point",
       "coordinates":  [ 121.483581,25.078582 ]
    },
    "properties": {
    "institution name":"蘇炫明外科診所",
    "tel":"2287-9175",
    "address":"新北市三重區三和路四段161號1樓",
    "data_time":"2025-05-31 15:47:59",
    "district":"三重區"
    }
  },
  {
    "type": "Feature",
    "geometry": {
       "type": "Point",
       "coordinates":  [ 121.376129,24.928296 ]
    },
    "properties": {
    "institution name":"三峽區衛生所",
    "tel":"2671-1592",
    "address":"新北市三峽區光明路71號3樓",
    "data_time":"2025-05-31 15:47:59",
    "district":"三峽區"
    }
  },
  {
    "type": "Feature",
    "geometry": {
       "type": "Point",
       "coordinates":  [ 121.369878,24.935975 ]
    },
    "properties": {
    "institution name":"文化耳鼻喉科診所",
    "tel":"8671-9555",
    "address":"新北市三峽區文化路127號",
    "data_time":"2025-05-31 15:47:59",
    "district":"三峽區"
    }
  },
  {
    "type": "Feature",
    "geometry": {
       "type": "Point",
       "coordinates":  [ 121.375892,24.941707 ]
    },
    "properties": {
    "institution name":"北大小兒科診所",
    "tel":"2671-8080",
    "address":"新北市三峽區大學路87號1樓",
    "data_time":"2025-05-31 15:47:59",
    "district":"三峽區"
    }
  },
  {
    "type": "Feature",
    "geometry": {
       "type": "Point",
       "coordinates":  [ 121.370039,24.912249 ]
    },
    "properties": {
    "institution name":"台北榮譽國民之家",
    "tel":"(02)2673-1201",
    "address":"新北市三峽區白雞路127號",
    "data_time":"2025-05-31 15:47:59",
    "district":"三峽區"
    }
  },
  {
    "type": "Feature",
    "geometry": {
       "type": "Point",
       "coordinates":  [ 121.373343,24.930883 ]
    },
    "properties": {
    "institution name":"永澄診所",
    "tel":"(02)2673-2674",
    "address":"新北市三峽區光明路20號1樓",
    "data_time":"2025-05-31 15:47:59",
    "district":"三峽區"
    }
  },
  {
    "type": "Feature",
    "geometry": {
       "type": "Point",
       "coordinates":  [ 121.372278,24.935912 ]
    },
    "properties": {
    "institution name":"安旭診所",
    "tel":"(02)8672-3525",
    "address":"新北市三峽區文化路59號8樓-1",
    "data_time":"2025-05-31 15:47:59",
    "district":"三峽區"
    }
  },
  {
    "type": "Feature",
    "geometry": {
       "type": "Point",
       "coordinates":  [ 121.363008,24.938385 ]
    },
    "properties": {
    "institution name":"行天宮醫療志業醫療財團法人恩主公醫院",
    "tel":"(02)2672-3456分機",
    "address":"新北市三峽區復興路399號",
    "data_time":"2025-05-31 15:47:59",
    "district":"三峽區"
    }
  },
  {
    "type": "Feature",
    "geometry": {
       "type": "Point",
       "coordinates":  [ 121.375063,24.943689 ]
    },
    "properties": {
    "institution name":"杏宜診所",
    "tel":"8672-3602",
    "address":"新北市三峽區大學路102號1樓",
    "data_time":"2025-05-31 15:47:59",
    "district":"三峽區"
    }
  },
  {
    "type": "Feature",
    "geometry": {
       "type": "Point",
       "coordinates":  [ 121.369878,24.935975 ]
    },
    "properties": {
    "institution name":"欣群耳鼻喉科診所",
    "tel":"8671-9555",
    "address":"新北市三峽區文化路127號",
    "data_time":"2025-05-31 15:47:59",
    "district":"三峽區"
    }
  },
  {
    "type": "Feature",
    "geometry": {
       "type": "Point",
       "coordinates":  [ 121.37456,24.94309 ]
    },
    "properties": {
    "institution name":"星龍耳鼻喉科診所",
    "tel":"2671-1676",
    "address":"新北市三峽區國際一街5號1樓",
    "data_time":"2025-05-31 15:47:59",
    "district":"三峽區"
    }
  },
  {
    "type": "Feature",
    "geometry": {
       "type": "Point",
       "coordinates":  [ 121.377039,24.944919 ]
    },
    "properties": {
    "institution name":"悅兒診所",
    "tel":"8674-1615",
    "address":"新北市三峽區學成路329號",
    "data_time":"2025-05-31 15:47:59",
    "district":"三峽區"
    }
  },
  {
    "type": "Feature",
    "geometry": {
       "type": "Point",
       "coordinates":  [ 121.372635,24.937823 ]
    },
    "properties": {
    "institution name":"敏家診所",
    "tel":"2671-5193",
    "address":"新北市三峽區復興路108號1樓",
    "data_time":"2025-05-31 15:47:59",
    "district":"三峽區"
    }
  },
  {
    "type": "Feature",
    "geometry": {
       "type": "Point",
       "coordinates":  [ 121.380183,24.929033 ]
    },
    "properties": {
    "institution name":"清福醫院",
    "tel":"(02)2673-9288",
    "address":"新北市三峽區介壽路一段286號2樓E棟",
    "data_time":"2025-05-31 15:47:59",
    "district":"三峽區"
    }
  },
  {
    "type": "Feature",
    "geometry": {
       "type": "Point",
       "coordinates":  [ 121.370812,24.936251 ]
    },
    "properties": {
    "institution name":"彭耳鼻喉科診所",
    "tel":"(02)2673-8275",
    "address":"新北市三峽區文化路132號",
    "data_time":"2025-05-31 15:47:59",
    "district":"三峽區"
    }
  },
  {
    "type": "Feature",
    "geometry": {
       "type": "Point",
       "coordinates":  [ 121.375032,24.942616 ]
    },
    "properties": {
    "institution name":"新禾診所",
    "tel":"8671-6866",
    "address":"新北市三峽區學成路235號1樓",
    "data_time":"2025-05-31 15:47:59",
    "district":"三峽區"
    }
  },
  {
    "type": "Feature",
    "geometry": {
       "type": "Point",
       "coordinates":  [ 121.373548,24.931917 ]
    },
    "properties": {
    "institution name":"詹小兒科診所",
    "tel":"(02)2674-2308",
    "address":"新北市三峽區中華路13之6號1樓",
    "data_time":"2025-05-31 15:47:59",
    "district":"三峽區"
    }
  },
  {
    "type": "Feature",
    "geometry": {
       "type": "Point",
       "coordinates":  [ 121.371851,24.936264 ]
    },
    "properties": {
    "institution name":"錦霖診所",
    "tel":"(02)8674-3684",
    "address":"新北市三峽區文化路86號",
    "data_time":"2025-05-31 15:47:59",
    "district":"三峽區"
    }
  },
  {
    "type": "Feature",
    "geometry": {
       "type": "Point",
       "coordinates":  [ 121.373614,24.931984 ]
    },
    "properties": {
    "institution name":"三禾診所",
    "tel":"2673-5708",
    "address":"新北市三峽區中華路13-5號4樓",
    "data_time":"2025-05-31 15:47:59",
    "district":"三峽區"
    }
  },
  {
    "type": "Feature",
    "geometry": {
       "type": "Point",
       "coordinates":  [ 121.443189,24.972857 ]
    },
    "properties": {
    "institution name":"土城區衛生所",
    "tel":"2260-3181#333",
    "address":"新北市土城區和平路26號",
    "data_time":"2025-05-31 15:47:59",
    "district":"土城區"
    }
  },
  {
    "type": "Feature",
    "geometry": {
       "type": "Point",
       "coordinates":  [ 121.442751,24.980376 ]
    },
    "properties": {
    "institution name":"人人診所",
    "tel":"2.26E+07",
    "address":"新北市土城區中央路二段20之2號",
    "data_time":"2025-05-31 15:47:59",
    "district":"土城區"
    }
  },
  {
    "type": "Feature",
    "geometry": {
       "type": "Point",
       "coordinates":  [ 121.442843,24.975983 ]
    },
    "properties": {
    "institution name":"土城診所",
    "tel":"2260-3307",
    "address":"新北市土城區中央路二段177巷22號",
    "data_time":"2025-05-31 15:47:59",
    "district":"土城區"
    }
  },
  {
    "type": "Feature",
    "geometry": {
       "type": "Point",
       "coordinates":  [ 121.453628,24.983937 ]
    },
    "properties": {
    "institution name":"土城劉內科診所",
    "tel":"2265-4553",
    "address":"新北市土城區裕民路226號",
    "data_time":"2025-05-31 15:47:59",
    "district":"土城區"
    }
  },
  {
    "type": "Feature",
    "geometry": {
       "type": "Point",
       "coordinates":  [ 121.447424,24.989562 ]
    },
    "properties": {
    "institution name":"仁安醫院",
    "tel":"2262-7088#706",
    "address":"新北市土城區中央路一段62號",
    "data_time":"2025-05-31 15:47:59",
    "district":"土城區"
    }
  },
  {
    "type": "Feature",
    "geometry": {
       "type": "Point",
       "coordinates":  [ 121.460544,24.978683 ]
    },
    "properties": {
    "institution name":"仁康診所",
    "tel":"2260-9090",
    "address":"新北市土城區青仁路29號",
    "data_time":"2025-05-31 15:47:59",
    "district":"土城區"
    }
  },
  {
    "type": "Feature",
    "geometry": {
       "type": "Point",
       "coordinates":  [ 121.440352,24.97297 ]
    },
    "properties": {
    "institution name":"元復醫院",
    "tel":"2266-1886#615",
    "address":"新北市土城區中央路二段318-324號",
    "data_time":"2025-05-31 15:47:59",
    "district":"土城區"
    }
  },
  {
    "type": "Feature",
    "geometry": {
       "type": "Point",
       "coordinates":  [ 121.446577,24.988228 ]
    },
    "properties": {
    "institution name":"王培玲診所",
    "tel":"2263-7983",
    "address":"新北市土城區中央路一段110號",
    "data_time":"2025-05-31 15:47:59",
    "district":"土城區"
    }
  },
  {
    "type": "Feature",
    "geometry": {
       "type": "Point",
       "coordinates":  [ 121.457131,24.983196 ]
    },
    "properties": {
    "institution name":"永佳婦產專科診所",
    "tel":"2263-1188",
    "address":"新北市土城區金城路二段250號",
    "data_time":"2025-05-31 15:47:59",
    "district":"土城區"
    }
  },
  {
    "type": "Feature",
    "geometry": {
       "type": "Point",
       "coordinates":  [ 121.453229,24.986134 ]
    },
    "properties": {
    "institution name":"吉康小兒科診所",
    "tel":"2270-6596",
    "address":"新北市土城區學府路一段188號",
    "data_time":"2025-05-31 15:47:59",
    "district":"土城區"
    }
  },
  {
    "type": "Feature",
    "geometry": {
       "type": "Point",
       "coordinates":  [ 121.459851,24.983721 ]
    },
    "properties": {
    "institution name":"名仁診所",
    "tel":"2264-5528",
    "address":"新北市土城區立雲街3號",
    "data_time":"2025-05-31 15:47:59",
    "district":"土城區"
    }
  },
  {
    "type": "Feature",
    "geometry": {
       "type": "Point",
       "coordinates":  [ 121.463264,24.985468 ]
    },
    "properties": {
    "institution name":"秀偉小兒科診所",
    "tel":"2262-0555",
    "address":"新北市土城區金城路二段380號",
    "data_time":"2025-05-31 15:47:59",
    "district":"土城區"
    }
  },
  {
    "type": "Feature",
    "geometry": {
       "type": "Point",
       "coordinates":  [ 121.469624,24.990113 ]
    },
    "properties": {
    "institution name":"延平診所",
    "tel":"2270-3394",
    "address":"新北市土城區延和路205號",
    "data_time":"2025-05-31 15:47:59",
    "district":"土城區"
    }
  },
  {
    "type": "Feature",
    "geometry": {
       "type": "Point",
       "coordinates":  [ 121.440385,24.973108 ]
    },
    "properties": {
    "institution name":"城林小兒科診所",
    "tel":"2270-6166",
    "address":"新北市土城區中央路二段312號",
    "data_time":"2025-05-31 15:47:59",
    "district":"土城區"
    }
  },
  {
    "type": "Feature",
    "geometry": {
       "type": "Point",
       "coordinates":  [ 121.467236,24.989817 ]
    },
    "properties": {
    "institution name":"洪正祝小兒科診所",
    "tel":"8261-1080",
    "address":"新北市土城區延和路112號1樓",
    "data_time":"2025-05-31 15:47:59",
    "district":"土城區"
    }
  },
  {
    "type": "Feature",
    "geometry": {
       "type": "Point",
       "coordinates":  [ 121.443175,24.975317 ]
    },
    "properties": {
    "institution name":"家峰耳鼻喉科診所",
    "tel":"2263-5968",
    "address":"新北市土城區中正路15號",
    "data_time":"2025-05-31 15:47:59",
    "district":"土城區"
    }
  },
  {
    "type": "Feature",
    "geometry": {
       "type": "Point",
       "coordinates":  [ 121.448745,24.991183 ]
    },
    "properties": {
    "institution name":"恩樺醫院",
    "tel":"2263-9955#1006",
    "address":"新北市土城區中央路一段7之18號",
    "data_time":"2025-05-31 15:47:59",
    "district":"土城區"
    }
  },
  {
    "type": "Feature",
    "geometry": {
       "type": "Point",
       "coordinates":  [ 121.440678,24.973187 ]
    },
    "properties": {
    "institution name":"祐生耳鼻喉科診所",
    "tel":"8261-4588",
    "address":"新北市土城區中央路二段223之9號",
    "data_time":"2025-05-31 15:47:59",
    "district":"土城區"
    }
  },
  {
    "type": "Feature",
    "geometry": {
       "type": "Point",
       "coordinates":  [ 121.461157,24.982866 ]
    },
    "properties": {
    "institution name":"康合診所",
    "tel":"2263-4168",
    "address":"新北市土城區清水路233號",
    "data_time":"2025-05-31 15:47:59",
    "district":"土城區"
    }
  },
  {
    "type": "Feature",
    "geometry": {
       "type": "Point",
       "coordinates":  [ 121.456644,24.988292 ]
    },
    "properties": {
    "institution name":"張國樑診所",
    "tel":"2273-9989",
    "address":"新北市土城區學府路一段72號",
    "data_time":"2025-05-31 15:47:59",
    "district":"土城區"
    }
  },
  {
    "type": "Feature",
    "geometry": {
       "type": "Point",
       "coordinates":  [ 121.417217,24.958158 ]
    },
    "properties": {
    "institution name":"梁診所",
    "tel":"2267-4991",
    "address":"新北市土城區中央路四段75號",
    "data_time":"2025-05-31 15:47:59",
    "district":"土城區"
    }
  },
  {
    "type": "Feature",
    "geometry": {
       "type": "Point",
       "coordinates":  [ 121.414306,24.956428 ]
    },
    "properties": {
    "institution name":"頂埔中心診所",
    "tel":"2267-1382",
    "address":"新北市土城區中央路四段286號",
    "data_time":"2025-05-31 15:47:59",
    "district":"土城區"
    }
  },
  {
    "type": "Feature",
    "geometry": {
       "type": "Point",
       "coordinates":  [ 121.463999,24.98682 ]
    },
    "properties": {
    "institution name":"博盛耳鼻喉科診所",
    "tel":"2262-2331",
    "address":"新北市土城區立德路６６號",
    "data_time":"2025-05-31 15:47:59",
    "district":"土城區"
    }
  },
  {
    "type": "Feature",
    "geometry": {
       "type": "Point",
       "coordinates":  [ 121.463999,24.98682 ]
    },
    "properties": {
    "institution name":"博勝診所",
    "tel":"2262-2331",
    "address":"新北市土城區立德路６６號",
    "data_time":"2025-05-31 15:47:59",
    "district":"土城區"
    }
  },
  {
    "type": "Feature",
    "geometry": {
       "type": "Point",
       "coordinates":  [ 121.463999,24.98682 ]
    },
    "properties": {
    "institution name":"博聖診所",
    "tel":"2262-2331",
    "address":"新北市土城區立德路６６號",
    "data_time":"2025-05-31 15:47:59",
    "district":"土城區"
    }
  },
  {
    "type": "Feature",
    "geometry": {
       "type": "Point",
       "coordinates":  [ 121.46367,24.985947 ]
    },
    "properties": {
    "institution name":"傾心婦產科",
    "tel":"82627890",
    "address":"新北市土城區金城路二段259號",
    "data_time":"2025-05-31 15:47:59",
    "district":"土城區"
    }
  },
  {
    "type": "Feature",
    "geometry": {
       "type": "Point",
       "coordinates":  [ 121.448729,24.976436 ]
    },
    "properties": {
    "institution name":"新北市立土城醫院",
    "tel":"2263-0588",
    "address":"新北市土城區金城路二段６號",
    "data_time":"2025-05-31 15:47:59",
    "district":"土城區"
    }
  },
  {
    "type": "Feature",
    "geometry": {
       "type": "Point",
       "coordinates":  [ 121.451445,24.986506 ]
    },
    "properties": {
    "institution name":"裕安診所",
    "tel":"2261-3300",
    "address":"新北市土城區裕民路131號",
    "data_time":"2025-05-31 15:47:59",
    "district":"土城區"
    }
  },
  {
    "type": "Feature",
    "geometry": {
       "type": "Point",
       "coordinates":  [ 121.468167,24.988184 ]
    },
    "properties": {
    "institution name":"誠康耳鼻喉科診所",
    "tel":"2266-3355",
    "address":"新北市土城區金城路三段137號",
    "data_time":"2025-05-31 15:47:59",
    "district":"土城區"
    }
  },
  {
    "type": "Feature",
    "geometry": {
       "type": "Point",
       "coordinates":  [ 121.447796,24.989769 ]
    },
    "properties": {
    "institution name":"維安小兒科診所",
    "tel":"2266-8576",
    "address":"新北市土城區中央路一段67之2號",
    "data_time":"2025-05-31 15:47:59",
    "district":"土城區"
    }
  },
  {
    "type": "Feature",
    "geometry": {
       "type": "Point",
       "coordinates":  [ 121.444808,24.985328 ]
    },
    "properties": {
    "institution name":"維康診所",
    "tel":"2263-0969",
    "address":"新北市土城區中央路一段224號",
    "data_time":"2025-05-31 15:47:59",
    "district":"土城區"
    }
  },
  {
    "type": "Feature",
    "geometry": {
       "type": "Point",
       "coordinates":  [ 121.447796,24.989769 ]
    },
    "properties": {
    "institution name":"維誠小兒科診所",
    "tel":"2266-8575",
    "address":"新北市土城區中央路一段67之2號",
    "data_time":"2025-05-31 15:47:59",
    "district":"土城區"
    }
  },
  {
    "type": "Feature",
    "geometry": {
       "type": "Point",
       "coordinates":  [ 121.455089,24.982261 ]
    },
    "properties": {
    "institution name":"廣川醫院",
    "tel":"2261-7000#227",
    "address":"新北市土城區裕民路276號",
    "data_time":"2025-05-31 15:47:59",
    "district":"土城區"
    }
  },
  {
    "type": "Feature",
    "geometry": {
       "type": "Point",
       "coordinates":  [ 121.453888,24.986613 ]
    },
    "properties": {
    "institution name":"廣全家庭醫學科診所",
    "tel":"2262-5736",
    "address":"新北市土城區學府路一段170號",
    "data_time":"2025-05-31 15:47:59",
    "district":"土城區"
    }
  },
  {
    "type": "Feature",
    "geometry": {
       "type": "Point",
       "coordinates":  [ 121.455238,24.993434 ]
    },
    "properties": {
    "institution name":"廣益診所",
    "tel":"8966-2262",
    "address":"新北市土城區廣明街56號",
    "data_time":"2025-05-31 15:47:59",
    "district":"土城區"
    }
  },
  {
    "type": "Feature",
    "geometry": {
       "type": "Point",
       "coordinates":  [ 121.455409,24.991525 ]
    },
    "properties": {
    "institution name":"廣福診所",
    "tel":"8966-0134",
    "address":"新北市土城區廣興街31號",
    "data_time":"2025-05-31 15:47:59",
    "district":"土城區"
    }
  },
  {
    "type": "Feature",
    "geometry": {
       "type": "Point",
       "coordinates":  [ 121.441041,24.976476 ]
    },
    "properties": {
    "institution name":"歐家庭醫學科診所",
    "tel":"2260-6019",
    "address":"新北市土城區中央路二段180巷15號",
    "data_time":"2025-05-31 15:47:59",
    "district":"土城區"
    }
  },
  {
    "type": "Feature",
    "geometry": {
       "type": "Point",
       "coordinates":  [ 121.467861,24.987621 ]
    },
    "properties": {
    "institution name":"蔡永福小兒科診所",
    "tel":"2266-9887",
    "address":"新北市土城區金城路三段176之1號",
    "data_time":"2025-05-31 15:47:59",
    "district":"土城區"
    }
  },
  {
    "type": "Feature",
    "geometry": {
       "type": "Point",
       "coordinates":  [ 121.45532,24.987271 ]
    },
    "properties": {
    "institution name":"學府實和聯合診所",
    "tel":"2265-0995",
    "address":"新北市土城區學府路一段121號",
    "data_time":"2025-05-31 15:47:59",
    "district":"土城區"
    }
  },
  {
    "type": "Feature",
    "geometry": {
       "type": "Point",
       "coordinates":  [ 121.446419,24.987548 ]
    },
    "properties": {
    "institution name":"賴家庭醫學科診所",
    "tel":"2262-4309",
    "address":"新北市土城區中央路一段169號",
    "data_time":"2025-05-31 15:47:59",
    "district":"土城區"
    }
  },
  {
    "type": "Feature",
    "geometry": {
       "type": "Point",
       "coordinates":  [ 121.451777,24.986014 ]
    },
    "properties": {
    "institution name":"羅文亮小兒科診所",
    "tel":"8262-3060",
    "address":"新北市土城區裕民路144號",
    "data_time":"2025-05-31 15:47:59",
    "district":"土城區"
    }
  },
  {
    "type": "Feature",
    "geometry": {
       "type": "Point",
       "coordinates":  [ 121.450051,24.987361 ]
    },
    "properties": {
    "institution name":"羅林小兒科診所",
    "tel":"8273-3026",
    "address":"新北市土城區裕民路83號",
    "data_time":"2025-05-31 15:47:59",
    "district":"土城區"
    }
  },
  {
    "type": "Feature",
    "geometry": {
       "type": "Point",
       "coordinates":  [ 121.501637,24.998692 ]
    },
    "properties": {
    "institution name":"中和區衛生所",
    "tel":"2249-1936",
    "address":"新北市中和區南山路4巷3號",
    "data_time":"2025-05-31 15:47:59",
    "district":"中和區"
    }
  },
  {
    "type": "Feature",
    "geometry": {
       "type": "Point",
       "coordinates":  [ 121.509797,24.988702 ]
    },
    "properties": {
    "institution name":"大興耳鼻喉科診所",
    "tel":"8668-6369",
    "address":"新北市中和區興南路一段91號",
    "data_time":"2025-05-31 15:47:59",
    "district":"中和區"
    }
  },
  {
    "type": "Feature",
    "geometry": {
       "type": "Point",
       "coordinates":  [ 121.519957,24.994607 ]
    },
    "properties": {
    "institution name":"中和仁安診所",
    "tel":"8668-2552",
    "address":"新北市中和區自強路58號",
    "data_time":"2025-05-31 15:47:59",
    "district":"中和區"
    }
  },
  {
    "type": "Feature",
    "geometry": {
       "type": "Point",
       "coordinates":  [ 121.4968,25.002908 ]
    },
    "properties": {
    "institution name":"中和李內科診所",
    "tel":"2245-4776",
    "address":"新北市中和區景平路718號",
    "data_time":"2025-05-31 15:47:59",
    "district":"中和區"
    }
  },
  {
    "type": "Feature",
    "geometry": {
       "type": "Point",
       "coordinates":  [ 121.501803,25.000122 ]
    },
    "properties": {
    "institution name":"中和重慶耳鼻喉科診所",
    "tel":"2261-5209",
    "address":"新北市中和區中和路127號1樓",
    "data_time":"2025-05-31 15:47:59",
    "district":"中和區"
    }
  },
  {
    "type": "Feature",
    "geometry": {
       "type": "Point",
       "coordinates":  [ 121.499691,25.002806 ]
    },
    "properties": {
    "institution name":"中和班廷謝安慈診所",
    "tel":"2240-1726",
    "address":"新北市中和區中山路2段210號",
    "data_time":"2025-05-31 15:47:59",
    "district":"中和區"
    }
  },
  {
    "type": "Feature",
    "geometry": {
       "type": "Point",
       "coordinates":  [ 121.512495,24.99007 ]
    },
    "properties": {
    "institution name":"中和國泰診所",
    "tel":"2944-9797",
    "address":"新北市中和區景新街389號",
    "data_time":"2025-05-31 15:47:59",
    "district":"中和區"
    }
  },
  {
    "type": "Feature",
    "geometry": {
       "type": "Point",
       "coordinates":  [ 121.502018,25.003213 ]
    },
    "properties": {
    "institution name":"中祥醫院",
    "tel":"2240-5055",
    "address":"新北市中和區中山路二段140號",
    "data_time":"2025-05-31 15:47:59",
    "district":"中和區"
    }
  },
  {
    "type": "Feature",
    "geometry": {
       "type": "Point",
       "coordinates":  [ 121.512611,24.998403 ]
    },
    "properties": {
    "institution name":"公園耳鼻喉科診所",
    "tel":"8668-8726",
    "address":"新北市中和區安平路158號1樓",
    "data_time":"2025-05-31 15:47:59",
    "district":"中和區"
    }
  },
  {
    "type": "Feature",
    "geometry": {
       "type": "Point",
       "coordinates":  [ 121.510917,24.997329 ]
    },
    "properties": {
    "institution name":"友善宜安診所",
    "tel":"2943-8533",
    "address":"新北市中和區宜安路77號",
    "data_time":"2025-05-31 15:47:59",
    "district":"中和區"
    }
  },
  {
    "type": "Feature",
    "geometry": {
       "type": "Point",
       "coordinates":  [ 121.513477,25.003393 ]
    },
    "properties": {
    "institution name":"王俊傑小兒科診所",
    "tel":"2929-3636",
    "address":"新北市中和區中安街8號",
    "data_time":"2025-05-31 15:47:59",
    "district":"中和區"
    }
  },
  {
    "type": "Feature",
    "geometry": {
       "type": "Point",
       "coordinates":  [ 121.507883,24.99888 ]
    },
    "properties": {
    "institution name":"王曜庭診所",
    "tel":"8943-2226",
    "address":"新北市中和區景安路27號",
    "data_time":"2025-05-31 15:47:59",
    "district":"中和區"
    }
  },
  {
    "type": "Feature",
    "geometry": {
       "type": "Point",
       "coordinates":  [ 121.499758,24.993858 ]
    },
    "properties": {
    "institution name":"正生婦幼聯合診所",
    "tel":"2244-6969",
    "address":"新北市中和區中正路122號1樓",
    "data_time":"2025-05-31 15:47:59",
    "district":"中和區"
    }
  },
  {
    "type": "Feature",
    "geometry": {
       "type": "Point",
       "coordinates":  [ 121.507221,24.982257 ]
    },
    "properties": {
    "institution name":"正倫診所",
    "tel":"2949-8199",
    "address":"新北市中和區華新街176號",
    "data_time":"2025-05-31 15:47:59",
    "district":"中和區"
    }
  },
  {
    "type": "Feature",
    "geometry": {
       "type": "Point",
       "coordinates":  [ 121.465356,25.012172 ]
    },
    "properties": {
    "institution name":"民治診所",
    "tel":"2222-7598",
    "address":"新北市中和中山路3段156號",
    "data_time":"2025-05-31 15:47:59",
    "district":"板橋區"
    }
  },
  {
    "type": "Feature",
    "geometry": {
       "type": "Point",
       "coordinates":  [ 121.474008,25.00631 ]
    },
    "properties": {
    "institution name":"民揚診所",
    "tel":"2226-7611",
    "address":"新北市中和區中山路三段132號",
    "data_time":"2025-05-31 15:47:59",
    "district":"中和區"
    }
  },
  {
    "type": "Feature",
    "geometry": {
       "type": "Point",
       "coordinates":  [ 121.482614,25.001082 ]
    },
    "properties": {
    "institution name":"民樂耳鼻喉科診所",
    "tel":"2225-6896",
    "address":"新北市中和區民樂路28號1樓",
    "data_time":"2025-05-31 15:47:59",
    "district":"中和區"
    }
  },
  {
    "type": "Feature",
    "geometry": {
       "type": "Point",
       "coordinates":  [ 121.522184,24.995092 ]
    },
    "properties": {
    "institution name":"立翔診所",
    "tel":"3151-1667",
    "address":"新北市中和區自立路43號1樓",
    "data_time":"2025-05-31 15:47:59",
    "district":"中和區"
    }
  },
  {
    "type": "Feature",
    "geometry": {
       "type": "Point",
       "coordinates":  [ 121.484845,24.998483 ]
    },
    "properties": {
    "institution name":"合慶診所",
    "tel":"2221-2217、2225-2937",
    "address":"新北市中和區中正路705、707號",
    "data_time":"2025-05-31 15:47:59",
    "district":"中和區"
    }
  },
  {
    "type": "Feature",
    "geometry": {
       "type": "Point",
       "coordinates":  [ 121.510726,24.996488 ]
    },
    "properties": {
    "institution name":"安平家診所",
    "tel":"2946-1010",
    "address":"新北市中和區安平路89號",
    "data_time":"2025-05-31 15:47:59",
    "district":"中和區"
    }
  },
  {
    "type": "Feature",
    "geometry": {
       "type": "Point",
       "coordinates":  [ 121.494891,24.992363 ]
    },
    "properties": {
    "institution name":"西華診所",
    "tel":"2247-1966",
    "address":"新北市中和區圓通路293-2號",
    "data_time":"2025-05-31 15:47:59",
    "district":"中和區"
    }
  },
  {
    "type": "Feature",
    "geometry": {
       "type": "Point",
       "coordinates":  [ 121.500737,24.998521 ]
    },
    "properties": {
    "institution name":"佑欣診所",
    "tel":"8668-5811",
    "address":"新北市中和區中和區興南路一段90號",
    "data_time":"2025-05-31 15:47:59",
    "district":"中和區"
    }
  },
  {
    "type": "Feature",
    "geometry": {
       "type": "Point",
       "coordinates":  [ 121.509751,24.998477 ]
    },
    "properties": {
    "institution name":"余泰昌小兒科診所",
    "tel":"2923-0336",
    "address":"新北市中和區宜安路134-1號",
    "data_time":"2025-05-31 15:47:59",
    "district":"中和區"
    }
  },
  {
    "type": "Feature",
    "geometry": {
       "type": "Point",
       "coordinates":  [ 121.504467,24.991562 ]
    },
    "properties": {
    "institution name":"快樂小兒科診所",
    "tel":"8943-2999",
    "address":"新北市中和區景安路215號1樓",
    "data_time":"2025-05-31 15:47:59",
    "district":"中和區"
    }
  },
  {
    "type": "Feature",
    "geometry": {
       "type": "Point",
       "coordinates":  [ 121.51279,25.002993 ]
    },
    "properties": {
    "institution name":"育家聯合診所",
    "tel":"8921-7377",
    "address":"新北市中和區中安街40巷2號",
    "data_time":"2025-05-31 15:47:59",
    "district":"中和區"
    }
  },
  {
    "type": "Feature",
    "geometry": {
       "type": "Point",
       "coordinates":  [ 121.52223,24.995352 ]
    },
    "properties": {
    "institution name":"育晨診所",
    "tel":"2945-9393",
    "address":"新北市中和區自立路37號",
    "data_time":"2025-05-31 15:47:59",
    "district":"中和區"
    }
  },
  {
    "type": "Feature",
    "geometry": {
       "type": "Point",
       "coordinates":  [ 121.481154,25.000548 ]
    },
    "properties": {
    "institution name":"辰安耳鼻喉科診所",
    "tel":"2221-1211",
    "address":"新北市中和區員山路317號1樓",
    "data_time":"2025-05-31 15:47:59",
    "district":"中和區"
    }
  },
  {
    "type": "Feature",
    "geometry": {
       "type": "Point",
       "coordinates":  [ 121.504423,25.004409 ]
    },
    "properties": {
    "institution name":"佳和診所",
    "tel":"2247-5588",
    "address":"新北市中和區光華街7號1樓",
    "data_time":"2025-05-31 15:47:59",
    "district":"中和區"
    }
  },
  {
    "type": "Feature",
    "geometry": {
       "type": "Point",
       "coordinates":  [ 121.517103,24.992938 ]
    },
    "properties": {
    "institution name":"佳新小兒科診所",
    "tel":"2941-8101",
    "address":"新北市中和區大勇街23號",
    "data_time":"2025-05-31 15:47:59",
    "district":"中和區"
    }
  },
  {
    "type": "Feature",
    "geometry": {
       "type": "Point",
       "coordinates":  [ 121.477481,25.005787 ]
    },
    "properties": {
    "institution name":"坤暉小兒專科診所",
    "tel":"2226-9381",
    "address":"新北市中和區中山路三段94號1樓",
    "data_time":"2025-05-31 15:47:59",
    "district":"中和區"
    }
  },
  {
    "type": "Feature",
    "geometry": {
       "type": "Point",
       "coordinates":  [ 121.472511,25.00061 ]
    },
    "properties": {
    "institution name":"尚安診所",
    "tel":"2957-1200",
    "address":"新北市中和區莒光路154號",
    "data_time":"2025-05-31 15:47:59",
    "district":"中和區"
    }
  },
  {
    "type": "Feature",
    "geometry": {
       "type": "Point",
       "coordinates":  [ 121.526577,24.993819 ]
    },
    "properties": {
    "institution name":"延生診所",
    "tel":"8668-0896",
    "address":"新北市中和區成功路15號",
    "data_time":"2025-05-31 15:47:59",
    "district":"中和區"
    }
  },
  {
    "type": "Feature",
    "geometry": {
       "type": "Point",
       "coordinates":  [ 121.498506,25.001882 ]
    },
    "properties": {
    "institution name":"怡和醫院",
    "tel":"2245-0009",
    "address":"新北市中和區連城路49號",
    "data_time":"2025-05-31 15:47:59",
    "district":"中和區"
    }
  },
  {
    "type": "Feature",
    "geometry": {
       "type": "Point",
       "coordinates":  [ 121.512917,25.004212 ]
    },
    "properties": {
    "institution name":"承安聯合診所",
    "tel":"3233-4601",
    "address":"新北市中和區永貞路288號",
    "data_time":"2025-05-31 15:47:59",
    "district":"中和區"
    }
  },
  {
    "type": "Feature",
    "geometry": {
       "type": "Point",
       "coordinates":  [ 121.510708,24.99066 ]
    },
    "properties": {
    "institution name":"南勢角德祐診所",
    "tel":"2940-6035",
    "address":"新北市中和區興南路一段56巷1弄1號",
    "data_time":"2025-05-31 15:47:59",
    "district":"中和區"
    }
  },
  {
    "type": "Feature",
    "geometry": {
       "type": "Point",
       "coordinates":  [ 121.497777,25.002657 ]
    },
    "properties": {
    "institution name":"家安診所",
    "tel":"2247-5531",
    "address":"新北市中和區中山路二段248號",
    "data_time":"2025-05-31 15:47:59",
    "district":"中和區"
    }
  },
  {
    "type": "Feature",
    "geometry": {
       "type": "Point",
       "coordinates":  [ 121.510251,24.998208 ]
    },
    "properties": {
    "institution name":"晟恩診所",
    "tel":"8660-9911",
    "address":"新北市中和區宜安路120號",
    "data_time":"2025-05-31 15:47:59",
    "district":"中和區"
    }
  },
  {
    "type": "Feature",
    "geometry": {
       "type": "Point",
       "coordinates":  [ 121.504633,24.993784 ]
    },
    "properties": {
    "institution name":"晟新診所",
    "tel":"2249-6388",
    "address":"新北市中和區景平路488號5樓",
    "data_time":"2025-05-31 15:47:59",
    "district":"中和區"
    }
  },
  {
    "type": "Feature",
    "geometry": {
       "type": "Point",
       "coordinates":  [ 121.511962,24.985091 ]
    },
    "properties": {
    "institution name":"益德診所",
    "tel":"8668-8421",
    "address":"新北市中和區忠孝街75號1樓",
    "data_time":"2025-05-31 15:47:59",
    "district":"中和區"
    }
  },
  {
    "type": "Feature",
    "geometry": {
       "type": "Point",
       "coordinates":  [ 121.503085,24.99577 ]
    },
    "properties": {
    "institution name":"祐嘉骨科診所",
    "tel":"8245-5795",
    "address":"新北市中和區南華路22號",
    "data_time":"2025-05-31 15:47:59",
    "district":"中和區"
    }
  },
  {
    "type": "Feature",
    "geometry": {
       "type": "Point",
       "coordinates":  [ 121.511923,24.990736 ]
    },
    "properties": {
    "institution name":"健新診所",
    "tel":"2941-6178",
    "address":"新北市中和區景新街338號5樓",
    "data_time":"2025-05-31 15:47:59",
    "district":"中和區"
    }
  },
  {
    "type": "Feature",
    "geometry": {
       "type": "Point",
       "coordinates":  [ 121.513292,24.988436 ]
    },
    "properties": {
    "institution name":"唯安診所",
    "tel":"2947-9165",
    "address":"新北市中和區景新街455號",
    "data_time":"2025-05-31 15:47:59",
    "district":"中和區"
    }
  },
  {
    "type": "Feature",
    "geometry": {
       "type": "Point",
       "coordinates":  [ 121.474486,25.005964 ]
    },
    "properties": {
    "institution name":"康祐診所",
    "tel":"2223-9293",
    "address":"新北市中和區中山路三段121號",
    "data_time":"2025-05-31 15:47:59",
    "district":"中和區"
    }
  },
  {
    "type": "Feature",
    "geometry": {
       "type": "Point",
       "coordinates":  [ 121.513144,24.988762 ]
    },
    "properties": {
    "institution name":"張榮欽診所",
    "tel":"2946-5045",
    "address":"新北市中和區景新街445號",
    "data_time":"2025-05-31 15:47:59",
    "district":"中和區"
    }
  },
  {
    "type": "Feature",
    "geometry": {
       "type": "Point",
       "coordinates":  [ 121.512178,25.003729 ]
    },
    "properties": {
    "institution name":"捷安診所",
    "tel":"2233-1117",
    "address":"新北市中和區中和路456號",
    "data_time":"2025-05-31 15:47:59",
    "district":"中和區"
    }
  },
  {
    "type": "Feature",
    "geometry": {
       "type": "Point",
       "coordinates":  [ 121.508248,24.993305 ]
    },
    "properties": {
    "institution name":"祥顥醫院",
    "tel":"2946-8795",
    "address":"新北市中和區景平路412號",
    "data_time":"2025-05-31 15:47:59",
    "district":"中和區"
    }
  },
  {
    "type": "Feature",
    "geometry": {
       "type": "Point",
       "coordinates":  [ 121.508386,24.987075 ]
    },
    "properties": {
    "institution name":"莊福仁內科診所",
    "tel":"2945-7550",
    "address":"新北市中和區興南路一段142-6號",
    "data_time":"2025-05-31 15:47:59",
    "district":"中和區"
    }
  },
  {
    "type": "Feature",
    "geometry": {
       "type": "Point",
       "coordinates":  [ 121.502135,24.998654 ]
    },
    "properties": {
    "institution name":"通安診所",
    "tel":"2243-3160",
    "address":"新北市中和區南山路45號",
    "data_time":"2025-05-31 15:47:59",
    "district":"中和區"
    }
  },
  {
    "type": "Feature",
    "geometry": {
       "type": "Point",
       "coordinates":  [ 121.513388,24.988245 ]
    },
    "properties": {
    "institution name":"陳建良耳鼻喉科診所",
    "tel":"8941-3009",
    "address":"新北市中和區景新街465號",
    "data_time":"2025-05-31 15:47:59",
    "district":"中和區"
    }
  },
  {
    "type": "Feature",
    "geometry": {
       "type": "Point",
       "coordinates":  [ 121.481362,24.997481 ]
    },
    "properties": {
    "institution name":"凱程診所",
    "tel":"2223-1868",
    "address":"新北市中和區員山路150-8號",
    "data_time":"2025-05-31 15:47:59",
    "district":"中和區"
    }
  },
  {
    "type": "Feature",
    "geometry": {
       "type": "Point",
       "coordinates":  [ 121.504282,24.991174 ]
    },
    "properties": {
    "institution name":"曾咸統小兒科診所",
    "tel":"3151-6343",
    "address":"新北市中和區景安路229號",
    "data_time":"2025-05-31 15:47:59",
    "district":"中和區"
    }
  },
  {
    "type": "Feature",
    "geometry": {
       "type": "Point",
       "coordinates":  [ 121.50816,24.98373 ]
    },
    "properties": {
    "institution name":"華欣診所",
    "tel":"2943-7540",
    "address":"新北市中和區華新街70號",
    "data_time":"2025-05-31 15:47:59",
    "district":"中和區"
    }
  },
  {
    "type": "Feature",
    "geometry": {
       "type": "Point",
       "coordinates":  [ 121.513089,24.988881 ]
    },
    "properties": {
    "institution name":"順安耳鼻喉科診所",
    "tel":"2942-9600",
    "address":"新北市中和區景新街439號",
    "data_time":"2025-05-31 15:47:59",
    "district":"中和區"
    }
  },
  {
    "type": "Feature",
    "geometry": {
       "type": "Point",
       "coordinates":  [ 121.502744,24.995857 ]
    },
    "properties": {
    "institution name":"馮泰龍小兒科診所",
    "tel":"8242-1606",
    "address":"新北市中和區南華路21號",
    "data_time":"2025-05-31 15:47:59",
    "district":"中和區"
    }
  },
  {
    "type": "Feature",
    "geometry": {
       "type": "Point",
       "coordinates":  [ 121.509403,24.988476 ]
    },
    "properties": {
    "institution name":"黃呈鵬小兒科診所",
    "tel":"2948-0203",
    "address":"新北市中和區興南路一段124號1樓",
    "data_time":"2025-05-31 15:47:59",
    "district":"中和區"
    }
  },
  {
    "type": "Feature",
    "geometry": {
       "type": "Point",
       "coordinates":  [ 121.500177,24.997544 ]
    },
    "properties": {
    "institution name":"黃基家小兒科診所",
    "tel":"2248-5433",
    "address":"新北市中和區景平路485號",
    "data_time":"2025-05-31 15:47:59",
    "district":"中和區"
    }
  },
  {
    "type": "Feature",
    "geometry": {
       "type": "Point",
       "coordinates":  [ 121.485708,25.000637 ]
    },
    "properties": {
    "institution name":"新福星診所",
    "tel":"2222-1327、2222-0882 ",
    "address":"新北市中和區中正路780-1號(遠東巨門企業總部內1樓)",
    "data_time":"2025-05-31 15:47:59",
    "district":"中和區"
    }
  },
  {
    "type": "Feature",
    "geometry": {
       "type": "Point",
       "coordinates":  [ 121.46492,24.996272 ]
    },
    "properties": {
    "institution name":"嘉仁診所",
    "tel":"2952-1878",
    "address":"新北市中和區華順街132號",
    "data_time":"2025-05-31 15:47:59",
    "district":"中和區"
    }
  },
  {
    "type": "Feature",
    "geometry": {
       "type": "Point",
       "coordinates":  [ 121.482125,24.995553 ]
    },
    "properties": {
    "institution name":"嘉櫻診所",
    "tel":"2225-9710",
    "address":"新北市中和區連城路356號1樓",
    "data_time":"2025-05-31 15:47:59",
    "district":"中和區"
    }
  },
  {
    "type": "Feature",
    "geometry": {
       "type": "Point",
       "coordinates":  [ 121.500518,25.001199 ]
    },
    "properties": {
    "institution name":"漳怡內科診所",
    "tel":"2244-5222",
    "address":"新北市中和區中和路59號3樓",
    "data_time":"2025-05-31 15:47:59",
    "district":"中和區"
    }
  },
  {
    "type": "Feature",
    "geometry": {
       "type": "Point",
       "coordinates":  [ 121.507867,24.98582 ]
    },
    "properties": {
    "institution name":"廣祥診所",
    "tel":"8668-3090",
    "address":"新北市中和區興南路二段29號",
    "data_time":"2025-05-31 15:47:59",
    "district":"中和區"
    }
  },
  {
    "type": "Feature",
    "geometry": {
       "type": "Point",
       "coordinates":  [ 121.498976,24.999649 ]
    },
    "properties": {
    "institution name":"德泰診所",
    "tel":"2242-7700",
    "address":"新北市中和區泰和街48號",
    "data_time":"2025-05-31 15:47:59",
    "district":"中和區"
    }
  },
  {
    "type": "Feature",
    "geometry": {
       "type": "Point",
       "coordinates":  [ 121.506757,24.985504 ]
    },
    "properties": {
    "institution name":"德祐診所",
    "tel":"2940-1710",
    "address":"新北市中和區興南路二段34巷1號",
    "data_time":"2025-05-31 15:47:59",
    "district":"中和區"
    }
  },
  {
    "type": "Feature",
    "geometry": {
       "type": "Point",
       "coordinates":  [ 121.522864,24.992691 ]
    },
    "properties": {
    "institution name":"慧禮診所",
    "tel":"8942-1028",
    "address":"新北市中和區自立路159號",
    "data_time":"2025-05-31 15:47:59",
    "district":"中和區"
    }
  },
  {
    "type": "Feature",
    "geometry": {
       "type": "Point",
       "coordinates":  [ 121.494081,24.993745 ]
    },
    "properties": {
    "institution name":"衛生福利部雙和醫院",
    "tel":"2249-0088#1755、#8832",
    "address":"新北市中和區中正路291號",
    "data_time":"2025-05-31 15:47:59",
    "district":"中和區"
    }
  },
  {
    "type": "Feature",
    "geometry": {
       "type": "Point",
       "coordinates":  [ 121.504029,24.991225 ]
    },
    "properties": {
    "institution name":"翰霖耳鼻喉科診所",
    "tel":"2246-2238",
    "address":"新北市中和區景安路202號",
    "data_time":"2025-05-31 15:47:59",
    "district":"中和區"
    }
  },
  {
    "type": "Feature",
    "geometry": {
       "type": "Point",
       "coordinates":  [ 121.480923,25.005441 ]
    },
    "properties": {
    "institution name":"蕙生醫院",
    "tel":"2223-6339",
    "address":"新北市中和區中山路二段551號",
    "data_time":"2025-05-31 15:47:59",
    "district":"中和區"
    }
  },
  {
    "type": "Feature",
    "geometry": {
       "type": "Point",
       "coordinates":  [ 121.507868,24.984546 ]
    },
    "properties": {
    "institution name":"雙怡診所",
    "tel":"2949-2399",
    "address":"新北市中和區華新街49號",
    "data_time":"2025-05-31 15:47:59",
    "district":"中和區"
    }
  },
  {
    "type": "Feature",
    "geometry": {
       "type": "Point",
       "coordinates":  [ 121.447638,25.094236 ]
    },
    "properties": {
    "institution name":"五股區衛生所",
    "tel":"2291-7717",
    "address":"新北市五股區新城三路11號",
    "data_time":"2025-05-31 15:47:59",
    "district":"五股區"
    }
  },
  {
    "type": "Feature",
    "geometry": {
       "type": "Point",
       "coordinates":  [ 121.43384,25.074088 ]
    },
    "properties": {
    "institution name":"五股水碓診所",
    "tel":"2292-1516",
    "address":"新北市五股區自強路36號1樓",
    "data_time":"2025-05-31 15:47:59",
    "district":"五股區"
    }
  },
  {
    "type": "Feature",
    "geometry": {
       "type": "Point",
       "coordinates":  [ 121.450996,25.101107 ]
    },
    "properties": {
    "institution name":"成洲診所",
    "tel":"2291-9463",
    "address":"新北市五股區凌雲路一段73號",
    "data_time":"2025-05-31 15:47:59",
    "district":"五股區"
    }
  },
  {
    "type": "Feature",
    "geometry": {
       "type": "Point",
       "coordinates":  [ 121.434045,25.08919 ]
    },
    "properties": {
    "institution name":"祐聖小兒科診所",
    "tel":"8292-1336",
    "address":"新北市五股區五福路34號1樓",
    "data_time":"2025-05-31 15:47:59",
    "district":"五股區"
    }
  },
  {
    "type": "Feature",
    "geometry": {
       "type": "Point",
       "coordinates":  [ 121.437956,25.083722 ]
    },
    "properties": {
    "institution name":"黃志勳診所",
    "tel":"2291-0978",
    "address":"新北市五股區成泰路二段69號1樓",
    "data_time":"2025-05-31 15:47:59",
    "district":"五股區"
    }
  },
  {
    "type": "Feature",
    "geometry": {
       "type": "Point",
       "coordinates":  [ 121.451047,25.101249 ]
    },
    "properties": {
    "institution name":"嘉安小兒科診所",
    "tel":"2293-5100",
    "address":"新北市五股區凌雲路一段72號",
    "data_time":"2025-05-31 15:47:59",
    "district":"五股區"
    }
  },
  {
    "type": "Feature",
    "geometry": {
       "type": "Point",
       "coordinates":  [ 121.437889,25.083605 ]
    },
    "properties": {
    "institution name":"鴻佑診所",
    "tel":"8295-0772",
    "address":"新北市五股區成泰路二段61號1樓",
    "data_time":"2025-05-31 15:47:59",
    "district":"五股區"
    }
  },
  {
    "type": "Feature",
    "geometry": {
       "type": "Point",
       "coordinates":  [ 121.737184,25.02468 ]
    },
    "properties": {
    "institution name":"平溪區衛生所",
    "tel":"2495-1015",
    "address":"新北市平溪區公園街17號",
    "data_time":"2025-05-31 15:47:59",
    "district":"平溪區"
    }
  },
  {
    "type": "Feature",
    "geometry": {
       "type": "Point",
       "coordinates":  [ 121.516231,25.00497 ]
    },
    "properties": {
    "institution name":"永和區衛生所",
    "tel":"3233-2780",
    "address":"新北市永和區秀朗路一段137號",
    "data_time":"2025-05-31 15:47:59",
    "district":"永和區"
    }
  },
  {
    "type": "Feature",
    "geometry": {
       "type": "Point",
       "coordinates":  [ 121.520293,25.010884 ]
    },
    "properties": {
    "institution name":"友友小兒科診所",
    "tel":"8928-4686",
    "address":"新北市永和區竹林路133之1號",
    "data_time":"2025-05-31 15:47:59",
    "district":"永和區"
    }
  },
  {
    "type": "Feature",
    "geometry": {
       "type": "Point",
       "coordinates":  [ 121.514804,25.01342 ]
    },
    "properties": {
    "institution name":"文林診所",
    "tel":"2232-3300",
    "address":"新北市永和區仁愛路15號",
    "data_time":"2025-05-31 15:47:59",
    "district":"永和區"
    }
  },
  {
    "type": "Feature",
    "geometry": {
       "type": "Point",
       "coordinates":  [ 121.522247,24.999834 ]
    },
    "properties": {
    "institution name":"王杰凱小兒科診所",
    "tel":"2929-7717",
    "address":"新北市永和區得和路275號",
    "data_time":"2025-05-31 15:47:59",
    "district":"永和區"
    }
  },
  {
    "type": "Feature",
    "geometry": {
       "type": "Point",
       "coordinates":  [ 121.5096,25.009436 ]
    },
    "properties": {
    "institution name":"王英傑小兒科診所",
    "tel":"2927-9600",
    "address":"新北市永和區中山路一段158號",
    "data_time":"2025-05-31 15:47:59",
    "district":"永和區"
    }
  },
  {
    "type": "Feature",
    "geometry": {
       "type": "Point",
       "coordinates":  [ 121.517869,25.011874 ]
    },
    "properties": {
    "institution name":"永和耕莘醫院",
    "tel":"2928-6060",
    "address":"新北市永和區中興街80號",
    "data_time":"2025-05-31 15:47:59",
    "district":"永和區"
    }
  },
  {
    "type": "Feature",
    "geometry": {
       "type": "Point",
       "coordinates":  [ 121.511943,25.003844 ]
    },
    "properties": {
    "institution name":"永和復康醫院",
    "tel":"2924-0925",
    "address":"新北市永和區中和路575號",
    "data_time":"2025-05-31 15:47:59",
    "district":"永和區"
    }
  },
  {
    "type": "Feature",
    "geometry": {
       "type": "Point",
       "coordinates":  [ 121.507827,25.011949 ]
    },
    "properties": {
    "institution name":"永愛診所",
    "tel":"2925-8680",
    "address":"新北市永和區永平路282之1號",
    "data_time":"2025-05-31 15:47:59",
    "district":"永和區"
    }
  },
  {
    "type": "Feature",
    "geometry": {
       "type": "Point",
       "coordinates":  [ 121.518087,25.007595 ]
    },
    "properties": {
    "institution name":"仲信耳鼻喉科診所",
    "tel":"2924-6523",
    "address":"新北市永和區福和路268號",
    "data_time":"2025-05-31 15:47:59",
    "district":"永和區"
    }
  },
  {
    "type": "Feature",
    "geometry": {
       "type": "Point",
       "coordinates":  [ 121.509243,25.009146 ]
    },
    "properties": {
    "institution name":"旭恩小兒科診所",
    "tel":"2922-0217",
    "address":"新北市永和區中山路一段172號",
    "data_time":"2025-05-31 15:47:59",
    "district":"永和區"
    }
  },
  {
    "type": "Feature",
    "geometry": {
       "type": "Point",
       "coordinates":  [ 121.511305,25.012913 ]
    },
    "properties": {
    "institution name":"吳志仁診所",
    "tel":"8660-2338",
    "address":"新北市永和區仁愛路147號",
    "data_time":"2025-05-31 15:47:59",
    "district":"永和區"
    }
  },
  {
    "type": "Feature",
    "geometry": {
       "type": "Point",
       "coordinates":  [ 121.524964,24.999425 ]
    },
    "properties": {
    "institution name":"吳宗坡耳鼻喉科診所",
    "tel":"8660-3386",
    "address":"新北市永和區得和路381號",
    "data_time":"2025-05-31 15:47:59",
    "district":"永和區"
    }
  },
  {
    "type": "Feature",
    "geometry": {
       "type": "Point",
       "coordinates":  [ 121.51816,25.01395 ]
    },
    "properties": {
    "institution name":"呂適存小兒科診所",
    "tel":"8925-5155",
    "address":"新北市永和區竹林路51號",
    "data_time":"2025-05-31 15:47:59",
    "district":"永和區"
    }
  },
  {
    "type": "Feature",
    "geometry": {
       "type": "Point",
       "coordinates":  [ 121.515621,24.997615 ]
    },
    "properties": {
    "institution name":"杏日診所",
    "tel":"2942-5936",
    "address":"新北市永和區中正路111號",
    "data_time":"2025-05-31 15:47:59",
    "district":"永和區"
    }
  },
  {
    "type": "Feature",
    "geometry": {
       "type": "Point",
       "coordinates":  [ 121.508451,25.008109 ]
    },
    "properties": {
    "institution name":"佳永診所",
    "tel":"2923-6069",
    "address":"新北市永和區中山路一段213號二樓",
    "data_time":"2025-05-31 15:47:59",
    "district":"永和區"
    }
  },
  {
    "type": "Feature",
    "geometry": {
       "type": "Point",
       "coordinates":  [ 121.514084,25.015227 ]
    },
    "properties": {
    "institution name":"長欣診所",
    "tel":"2231-1663",
    "address":"新北市永和區文化路78號",
    "data_time":"2025-05-31 15:47:59",
    "district":"永和區"
    }
  },
  {
    "type": "Feature",
    "geometry": {
       "type": "Point",
       "coordinates":  [ 121.511972,25.013221 ]
    },
    "properties": {
    "institution name":"信心診所",
    "tel":"2929-1689",
    "address":"新北市永和區仁愛路108號",
    "data_time":"2025-05-31 15:47:59",
    "district":"永和區"
    }
  },
  {
    "type": "Feature",
    "geometry": {
       "type": "Point",
       "coordinates":  [ 121.518527,25.007634 ]
    },
    "properties": {
    "institution name":"冠宏骨科診所",
    "tel":"2920-5237",
    "address":"新北市永和區福和路250號",
    "data_time":"2025-05-31 15:47:59",
    "district":"永和區"
    }
  },
  {
    "type": "Feature",
    "geometry": {
       "type": "Point",
       "coordinates":  [ 121.520648,25.00969 ]
    },
    "properties": {
    "institution name":"洪源裕小兒科診所",
    "tel":"8925-2926",
    "address":"新北市永和區竹林路181號",
    "data_time":"2025-05-31 15:47:59",
    "district":"永和區"
    }
  },
  {
    "type": "Feature",
    "geometry": {
       "type": "Point",
       "coordinates":  [ 121.516397,24.998475 ]
    },
    "properties": {
    "institution name":"洪碩壎小兒科診所",
    "tel":"2946-1171",
    "address":"新北市永和區中正路157號",
    "data_time":"2025-05-31 15:47:59",
    "district":"永和區"
    }
  },
  {
    "type": "Feature",
    "geometry": {
       "type": "Point",
       "coordinates":  [ 121.517878,25.007582 ]
    },
    "properties": {
    "institution name":"美加婦產科診所",
    "tel":"2923-5133",
    "address":"新北市永和區福和路278號",
    "data_time":"2025-05-31 15:47:59",
    "district":"永和區"
    }
  },
  {
    "type": "Feature",
    "geometry": {
       "type": "Point",
       "coordinates":  [ 121.51084,25.005598 ]
    },
    "properties": {
    "institution name":"健新耳鼻喉科診所",
    "tel":"8921-0657",
    "address":"新北市永和區永貞路297號",
    "data_time":"2025-05-31 15:47:59",
    "district":"永和區"
    }
  },
  {
    "type": "Feature",
    "geometry": {
       "type": "Point",
       "coordinates":  [ 121.526739,24.998144 ]
    },
    "properties": {
    "institution name":"崇恩診所",
    "tel":"8921-0079",
    "address":"新北市永和區成功路二段133號",
    "data_time":"2025-05-31 15:47:59",
    "district":"永和區"
    }
  },
  {
    "type": "Feature",
    "geometry": {
       "type": "Point",
       "coordinates":  [ 121.507147,25.007093 ]
    },
    "properties": {
    "institution name":"御生婦幼診所",
    "tel":"2923-1818",
    "address":"新北市永和區中山路一段277號",
    "data_time":"2025-05-31 15:47:59",
    "district":"永和區"
    }
  },
  {
    "type": "Feature",
    "geometry": {
       "type": "Point",
       "coordinates":  [ 121.521636,25.002998 ]
    },
    "properties": {
    "institution name":"清池診所",
    "tel":"2924-1364",
    "address":"新北市永和區永利路122號",
    "data_time":"2025-05-31 15:47:59",
    "district":"永和區"
    }
  },
  {
    "type": "Feature",
    "geometry": {
       "type": "Point",
       "coordinates":  [ 121.519634,25.007552 ]
    },
    "properties": {
    "institution name":"章志平小兒科診所",
    "tel":"8921-9112",
    "address":"新北市永和區福和路195號",
    "data_time":"2025-05-31 15:47:59",
    "district":"永和區"
    }
  },
  {
    "type": "Feature",
    "geometry": {
       "type": "Point",
       "coordinates":  [ 121.514723,25.013599 ]
    },
    "properties": {
    "institution name":"博新小兒科家庭醫學科診所",
    "tel":"3233-4150",
    "address":"新北市永和區仁愛路24號",
    "data_time":"2025-05-31 15:47:59",
    "district":"永和區"
    }
  },
  {
    "type": "Feature",
    "geometry": {
       "type": "Point",
       "coordinates":  [ 121.516812,25.01496 ]
    },
    "properties": {
    "institution name":"惠生聯合診所",
    "tel":"8925-5951",
    "address":"新北市永和區竹林路13號",
    "data_time":"2025-05-31 15:47:59",
    "district":"永和區"
    }
  },
  {
    "type": "Feature",
    "geometry": {
       "type": "Point",
       "coordinates":  [ 121.507476,25.013858 ]
    },
    "properties": {
    "institution name":"惠恩診所",
    "tel":"2924-9333",
    "address":"新北市永和區保安路212之1號",
    "data_time":"2025-05-31 15:47:59",
    "district":"永和區"
    }
  },
  {
    "type": "Feature",
    "geometry": {
       "type": "Point",
       "coordinates":  [ 121.52351,24.999438 ]
    },
    "properties": {
    "institution name":"曾怡仁診所",
    "tel":"2940-8626",
    "address":"新北市永和區得和路340號",
    "data_time":"2025-05-31 15:47:59",
    "district":"永和區"
    }
  },
  {
    "type": "Feature",
    "geometry": {
       "type": "Point",
       "coordinates":  [ 121.517581,25.000293 ]
    },
    "properties": {
    "institution name":"逸全診所",
    "tel":"2929-5111",
    "address":"新北市永和區中正路253號六樓",
    "data_time":"2025-05-31 15:47:59",
    "district":"永和區"
    }
  },
  {
    "type": "Feature",
    "geometry": {
       "type": "Point",
       "coordinates":  [ 121.513165,25.007228 ]
    },
    "properties": {
    "institution name":"逸原診所",
    "tel":"2925-3300   2925-5500",
    "address":"新北市永和區永和路一段69號",
    "data_time":"2025-05-31 15:47:59",
    "district":"永和區"
    }
  },
  {
    "type": "Feature",
    "geometry": {
       "type": "Point",
       "coordinates":  [ 121.514931,24.996875 ]
    },
    "properties": {
    "institution name":"順誠耳鼻喉科診所",
    "tel":"8668-0361",
    "address":"新北市永和區中正路75號",
    "data_time":"2025-05-31 15:47:59",
    "district":"永和區"
    }
  },
  {
    "type": "Feature",
    "geometry": {
       "type": "Point",
       "coordinates":  [ 121.526801,24.998949 ]
    },
    "properties": {
    "institution name":"黃濂輝診所",
    "tel":"2926-6264",
    "address":"新北市永和區成功路二段105號",
    "data_time":"2025-05-31 15:47:59",
    "district":"永和區"
    }
  },
  {
    "type": "Feature",
    "geometry": {
       "type": "Point",
       "coordinates":  [ 121.519508,25.007535 ]
    },
    "properties": {
    "institution name":"愛兒小兒科診所",
    "tel":"2923-3317",
    "address":"新北市永和區福和路199號",
    "data_time":"2025-05-31 15:47:59",
    "district":"永和區"
    }
  },
  {
    "type": "Feature",
    "geometry": {
       "type": "Point",
       "coordinates":  [ 121.526807,24.999059 ]
    },
    "properties": {
    "institution name":"愛鄰診所",
    "tel":"2929-6465",
    "address":"新北市永和區成功路二段99號",
    "data_time":"2025-05-31 15:47:59",
    "district":"永和區"
    }
  },
  {
    "type": "Feature",
    "geometry": {
       "type": "Point",
       "coordinates":  [ 121.503743,25.007946 ]
    },
    "properties": {
    "institution name":"楊安診所",
    "tel":"2927-2369",
    "address":"新北市永和區仁愛路303號",
    "data_time":"2025-05-31 15:47:59",
    "district":"永和區"
    }
  },
  {
    "type": "Feature",
    "geometry": {
       "type": "Point",
       "coordinates":  [ 121.515224,25.013207 ]
    },
    "properties": {
    "institution name":"誠新耳鼻喉科診所",
    "tel":"2231-8000",
    "address":"新北市永和區永和路二段173號",
    "data_time":"2025-05-31 15:47:59",
    "district":"永和區"
    }
  },
  {
    "type": "Feature",
    "geometry": {
       "type": "Point",
       "coordinates":  [ 121.524036,24.99956 ]
    },
    "properties": {
    "institution name":"劉宗健小兒科診所",
    "tel":"2925-3128",
    "address":"新北市永和區得和路347號",
    "data_time":"2025-05-31 15:47:59",
    "district":"永和區"
    }
  },
  {
    "type": "Feature",
    "geometry": {
       "type": "Point",
       "coordinates":  [ 121.514465,24.995903 ]
    },
    "properties": {
    "institution name":"德上診所",
    "tel":"2940-3938",
    "address":"新北市永和區中正路106號",
    "data_time":"2025-05-31 15:47:59",
    "district":"永和區"
    }
  },
  {
    "type": "Feature",
    "geometry": {
       "type": "Point",
       "coordinates":  [ 121.516994,25.005608 ]
    },
    "properties": {
    "institution name":"德美診所",
    "tel":"2927-3001",
    "address":"新北市永和區中正路455之1號",
    "data_time":"2025-05-31 15:47:59",
    "district":"永和區"
    }
  },
  {
    "type": "Feature",
    "geometry": {
       "type": "Point",
       "coordinates":  [ 121.520707,25.008102 ]
    },
    "properties": {
    "institution name":"德謙耳鼻喉科診所",
    "tel":"2926-5690",
    "address":"新北市永和區竹林路216號",
    "data_time":"2025-05-31 15:47:59",
    "district":"永和區"
    }
  },
  {
    "type": "Feature",
    "geometry": {
       "type": "Point",
       "coordinates":  [ 121.520229,24.999944 ]
    },
    "properties": {
    "institution name":"蕭正貴小兒科家庭醫學科診所",
    "tel":"2942-8333",
    "address":"新北市永和區得和路198號",
    "data_time":"2025-05-31 15:47:59",
    "district":"永和區"
    }
  },
  {
    "type": "Feature",
    "geometry": {
       "type": "Point",
       "coordinates":  [ 121.518315,25.00762 ]
    },
    "properties": {
    "institution name":"蕭佩宏小兒科診所",
    "tel":"8660-7115",
    "address":"新北市永和區福和路258號",
    "data_time":"2025-05-31 15:47:59",
    "district":"永和區"
    }
  },
  {
    "type": "Feature",
    "geometry": {
       "type": "Point",
       "coordinates":  [ 121.519618,25.012456 ]
    },
    "properties": {
    "institution name":"謝璧光小兒科診所",
    "tel":"8926-2388",
    "address":"新北市永和區竹林路81號",
    "data_time":"2025-05-31 15:47:59",
    "district":"永和區"
    }
  },
  {
    "type": "Feature",
    "geometry": {
       "type": "Point",
       "coordinates":  [ 121.522732,25.008087 ]
    },
    "properties": {
    "institution name":"鍾婦產科診所",
    "tel":"8928-8899",
    "address":"新北市永和區福和路84號",
    "data_time":"2025-05-31 15:47:59",
    "district":"永和區"
    }
  },
  {
    "type": "Feature",
    "geometry": {
       "type": "Point",
       "coordinates":  [ 121.507539,25.007383 ]
    },
    "properties": {
    "institution name":"醫憲診所",
    "tel":"2926-8666",
    "address":"新北市永和區中山路一段259號",
    "data_time":"2025-05-31 15:47:59",
    "district":"永和區"
    }
  },
  {
    "type": "Feature",
    "geometry": {
       "type": "Point",
       "coordinates":  [ 121.520229,24.999944 ]
    },
    "properties": {
    "institution name":"羅廣石診所",
    "tel":"2942-8333",
    "address":"新北市永和區得和路198號",
    "data_time":"2025-05-31 15:47:59",
    "district":"永和區"
    }
  },
  {
    "type": "Feature",
    "geometry": {
       "type": "Point",
       "coordinates":  [ 121.565975,25.290164 ]
    },
    "properties": {
    "institution name":"石門區衛生所",
    "tel":"2638-1007",
    "address":"新北市石門區中山路28之1號",
    "data_time":"2025-05-31 15:47:59",
    "district":"石門區"
    }
  },
  {
    "type": "Feature",
    "geometry": {
       "type": "Point",
       "coordinates":  [ 121.65761,24.991348 ]
    },
    "properties": {
    "institution name":"石碇區衛生所",
    "tel":"2663-1325",
    "address":"新北市石碇區碇坪路一段82號",
    "data_time":"2025-05-31 15:47:59",
    "district":"石碇區"
    }
  },
  {
    "type": "Feature",
    "geometry": {
       "type": "Point",
       "coordinates":  [ 121.658534,25.063512 ]
    },
    "properties": {
    "institution name":"汐止區衛生所",
    "tel":"2641-2030",
    "address":"新北市汐止區新台五路一段266號",
    "data_time":"2025-05-31 15:47:59",
    "district":"汐止區"
    }
  },
  {
    "type": "Feature",
    "geometry": {
       "type": "Point",
       "coordinates":  [ 121.664325,25.065471 ]
    },
    "properties": {
    "institution name":"三益診所",
    "tel":"8691-5631",
    "address":"新北市汐止區仁愛路187號1樓",
    "data_time":"2025-05-31 15:47:59",
    "district":"汐止區"
    }
  },
  {
    "type": "Feature",
    "geometry": {
       "type": "Point",
       "coordinates":  [ 121.655361,25.066471 ]
    },
    "properties": {
    "institution name":"大同耳鼻喉科診所",
    "tel":"2691-9292",
    "address":"新北市汐止區大同路二段300號",
    "data_time":"2025-05-31 15:47:59",
    "district":"汐止區"
    }
  },
  {
    "type": "Feature",
    "geometry": {
       "type": "Point",
       "coordinates":  [ 121.631383,25.066035 ]
    },
    "properties": {
    "institution name":"中欣診所",
    "tel":"2694-1000",
    "address":"新北市汐止區中興路202號",
    "data_time":"2025-05-31 15:47:59",
    "district":"汐止區"
    }
  },
  {
    "type": "Feature",
    "geometry": {
       "type": "Point",
       "coordinates":  [ 121.630427,25.065153 ]
    },
    "properties": {
    "institution name":"弘人小兒科診所",
    "tel":"2693-2439",
    "address":"新北市汐止區福德二路152號",
    "data_time":"2025-05-31 15:47:59",
    "district":"汐止區"
    }
  },
  {
    "type": "Feature",
    "geometry": {
       "type": "Point",
       "coordinates":  [ 121.659792,25.064442 ]
    },
    "properties": {
    "institution name":"汐止長青診所",
    "tel":"2648-5156",
    "address":"新北市汐止區秀峰路68號",
    "data_time":"2025-05-31 15:47:59",
    "district":"汐止區"
    }
  },
  {
    "type": "Feature",
    "geometry": {
       "type": "Point",
       "coordinates":  [ 121.661084,25.072872 ]
    },
    "properties": {
    "institution name":"汐止國泰綜合醫院",
    "tel":"2648-2121#7056",
    "address":"新北市汐止區建成路59巷2號",
    "data_time":"2025-05-31 15:47:59",
    "district":"汐止區"
    }
  },
  {
    "type": "Feature",
    "geometry": {
       "type": "Point",
       "coordinates":  [ 121.662061,25.066445 ]
    },
    "properties": {
    "institution name":"吳宗憲診所",
    "tel":"2647-5533",
    "address":"新北市汐止區忠孝東路210號",
    "data_time":"2025-05-31 15:47:59",
    "district":"汐止區"
    }
  },
  {
    "type": "Feature",
    "geometry": {
       "type": "Point",
       "coordinates":  [ 121.651338,25.064713 ]
    },
    "properties": {
    "institution name":"吳婦產科診所",
    "tel":"8692-6399",
    "address":"新北市汐止區大同路二段171號1樓",
    "data_time":"2025-05-31 15:47:59",
    "district":"汐止區"
    }
  },
  {
    "type": "Feature",
    "geometry": {
       "type": "Point",
       "coordinates":  [ 121.65291,25.064939 ]
    },
    "properties": {
    "institution name":"宏欣診所",
    "tel":"2691-8678",
    "address":"新北市汐止區大同路二段221號",
    "data_time":"2025-05-31 15:47:59",
    "district":"汐止區"
    }
  },
  {
    "type": "Feature",
    "geometry": {
       "type": "Point",
       "coordinates":  [ 121.665445,25.070251 ]
    },
    "properties": {
    "institution name":"李懷德小兒科診所",
    "tel":"8647-8323",
    "address":"新北市汐止區忠孝東路343號",
    "data_time":"2025-05-31 15:47:59",
    "district":"汐止區"
    }
  },
  {
    "type": "Feature",
    "geometry": {
       "type": "Point",
       "coordinates":  [ 121.656395,25.065098 ]
    },
    "properties": {
    "institution name":"東辰診所",
    "tel":"2643-2588",
    "address":"新北市汐止區新興路3號6樓",
    "data_time":"2025-05-31 15:47:59",
    "district":"汐止區"
    }
  },
  {
    "type": "Feature",
    "geometry": {
       "type": "Point",
       "coordinates":  [ 121.656395,25.065098 ]
    },
    "properties": {
    "institution name":"東暉診所",
    "tel":"2643-3774 #211",
    "address":"新北市汐止區新興路3號8樓",
    "data_time":"2025-05-31 15:47:59",
    "district":"汐止區"
    }
  },
  {
    "type": "Feature",
    "geometry": {
       "type": "Point",
       "coordinates":  [ 121.654725,25.060819 ]
    },
    "properties": {
    "institution name":"青山診所",
    "tel":"2690-7959",
    "address":"新北市汐止區莊敬街129號",
    "data_time":"2025-05-31 15:47:59",
    "district":"汐止區"
    }
  },
  {
    "type": "Feature",
    "geometry": {
       "type": "Point",
       "coordinates":  [ 121.656461,25.066942 ]
    },
    "properties": {
    "institution name":"洪耳鼻喉科診所",
    "tel":"2649-0123",
    "address":"新北市汐止區大同路二段332號",
    "data_time":"2025-05-31 15:47:59",
    "district":"汐止區"
    }
  },
  {
    "type": "Feature",
    "geometry": {
       "type": "Point",
       "coordinates":  [ 121.642231,25.06487 ]
    },
    "properties": {
    "institution name":"洪振凱診所",
    "tel":"2691-8877",
    "address":"新北市汐止區樟樹一路136號1樓",
    "data_time":"2025-05-31 15:47:59",
    "district":"汐止區"
    }
  },
  {
    "type": "Feature",
    "geometry": {
       "type": "Point",
       "coordinates":  [ 121.629329,25.067729 ]
    },
    "properties": {
    "institution name":"康寧耳鼻喉科診所",
    "tel":"2692-6905",
    "address":"新北市汐止區康寧街386號1樓",
    "data_time":"2025-05-31 15:47:59",
    "district":"汐止區"
    }
  },
  {
    "type": "Feature",
    "geometry": {
       "type": "Point",
       "coordinates":  [ 121.663501,25.072376 ]
    },
    "properties": {
    "institution name":"祥和診所",
    "tel":"8642-2558",
    "address":"新北市汐止區建成路37巷13號",
    "data_time":"2025-05-31 15:47:59",
    "district":"汐止區"
    }
  },
  {
    "type": "Feature",
    "geometry": {
       "type": "Point",
       "coordinates":  [ 121.632058,25.070215 ]
    },
    "properties": {
    "institution name":"湖前診所",
    "tel":"2692-2219",
    "address":"新北市汐止區湖前街60之3號",
    "data_time":"2025-05-31 15:47:59",
    "district":"汐止區"
    }
  },
  {
    "type": "Feature",
    "geometry": {
       "type": "Point",
       "coordinates":  [ 121.642162,25.064265 ]
    },
    "properties": {
    "institution name":"黃玟珍診所",
    "tel":"2648-7799",
    "address":"新北市汐止區樟樹一路122號",
    "data_time":"2025-05-31 15:47:59",
    "district":"汐止區"
    }
  },
  {
    "type": "Feature",
    "geometry": {
       "type": "Point",
       "coordinates":  [ 121.65579,25.067729 ]
    },
    "properties": {
    "institution name":"楊內科小兒科診所",
    "tel":"2642-0233",
    "address":"新北市汐止區汐萬路一段25號",
    "data_time":"2025-05-31 15:47:59",
    "district":"汐止區"
    }
  },
  {
    "type": "Feature",
    "geometry": {
       "type": "Point",
       "coordinates":  [ 121.630743,25.065073 ]
    },
    "properties": {
    "institution name":"福德診所",
    "tel":"2695-9877",
    "address":"新北市汐止區福德二路171號",
    "data_time":"2025-05-31 15:47:59",
    "district":"汐止區"
    }
  },
  {
    "type": "Feature",
    "geometry": {
       "type": "Point",
       "coordinates":  [ 121.637514,25.067683 ]
    },
    "properties": {
    "institution name":"德祐小兒科診所",
    "tel":"2694-5180",
    "address":"新北市汐止區福德一路117-1號",
    "data_time":"2025-05-31 15:47:59",
    "district":"汐止區"
    }
  },
  {
    "type": "Feature",
    "geometry": {
       "type": "Point",
       "coordinates":  [ 121.664704,25.069393 ]
    },
    "properties": {
    "institution name":"鴻海診所",
    "tel":"2643-1777",
    "address":"新北市汐止區忠孝東路317號",
    "data_time":"2025-05-31 15:47:59",
    "district":"汐止區"
    }
  },
  {
    "type": "Feature",
    "geometry": {
       "type": "Point",
       "coordinates":  [ 121.629673,25.070601 ]
    },
    "properties": {
    "institution name":"雙雙小兒科診所",
    "tel":"2695-5777",
    "address":"新北市汐止區明峰街143號1樓",
    "data_time":"2025-05-31 15:47:59",
    "district":"汐止區"
    }
  },
  {
    "type": "Feature",
    "geometry": {
       "type": "Point",
       "coordinates":  [ 121.664955,25.072773 ]
    },
    "properties": {
    "institution name":"顏志瑋診所",
    "tel":"2641-7999",
    "address":"新北市汐止區建成路18號",
    "data_time":"2025-05-31 15:47:59",
    "district":"汐止區"
    }
  },
  {
    "type": "Feature",
    "geometry": {
       "type": "Point",
       "coordinates":  [ 121.662767,25.067159 ]
    },
    "properties": {
    "institution name":"羅小兒科診所",
    "tel":"8691-8828",
    "address":"新北市汐止區忠孝東路244號1樓",
    "data_time":"2025-05-31 15:47:59",
    "district":"汐止區"
    }
  },
  {
    "type": "Feature",
    "geometry": {
       "type": "Point",
       "coordinates":  [ 121.63383,25.064689 ]
    },
    "properties": {
    "institution name":"蘇小兒科診所",
    "tel":"2693-5513",
    "address":"新北市汐止區福德一路245號",
    "data_time":"2025-05-31 15:47:59",
    "district":"汐止區"
    }
  },
  {
    "type": "Feature",
    "geometry": {
       "type": "Point",
       "coordinates":  [ 121.65965,25.063375 ]
    },
    "properties": {
    "institution name":"蘇怡菁家醫科診所",
    "tel":"2642-3136",
    "address":"新北市汐止區仁愛路43號",
    "data_time":"2025-05-31 15:47:59",
    "district":"汐止區"
    }
  },
  {
    "type": "Feature",
    "geometry": {
       "type": "Point",
       "coordinates":  [ 121.627935,25.064556 ]
    },
    "properties": {
    "institution name":"馨生婦產科小兒科診所",
    "tel":"2692-7666",
    "address":"新北市汐止區福德二路215號",
    "data_time":"2025-05-31 15:47:59",
    "district":"汐止區"
    }
  },
  {
    "type": "Feature",
    "geometry": {
       "type": "Point",
       "coordinates":  [ 121.709106,24.934953 ]
    },
    "properties": {
    "institution name":"坪林區衛生所",
    "tel":"2665-6272",
    "address":"新北市坪林區坪林街104號",
    "data_time":"2025-05-31 15:47:59",
    "district":"坪林區"
    }
  },
  {
    "type": "Feature",
    "geometry": {
       "type": "Point",
       "coordinates":  [ 121.465356,25.012172 ]
    },
    "properties": {
    "institution name":"板橋區衛生所",
    "tel":"2258-6606",
    "address":"新北市英士路192號",
    "data_time":"2025-05-31 15:47:59",
    "district":"板橋區"
    }
  },
  {
    "type": "Feature",
    "geometry": {
       "type": "Point",
       "coordinates":  [ 121.465356,25.012172 ]
    },
    "properties": {
    "institution name":"大川診所",
    "tel":"8953-2285",
    "address":"新北市中山路2段84-6號",
    "data_time":"2025-05-31 15:47:59",
    "district":"板橋區"
    }
  },
  {
    "type": "Feature",
    "geometry": {
       "type": "Point",
       "coordinates":  [ 121.465356,25.012172 ]
    },
    "properties": {
    "institution name":"大佳診所",
    "tel":"8259-7216",
    "address":"新北市英士路53號",
    "data_time":"2025-05-31 15:47:59",
    "district":"板橋區"
    }
  },
  {
    "type": "Feature",
    "geometry": {
       "type": "Point",
       "coordinates":  [ 121.465356,25.012172 ]
    },
    "properties": {
    "institution name":"大庭診所",
    "tel":"2968-9299",
    "address":"新北市大仁街27號",
    "data_time":"2025-05-31 15:47:59",
    "district":"板橋區"
    }
  },
  {
    "type": "Feature",
    "geometry": {
       "type": "Point",
       "coordinates":  [ 121.465356,25.012172 ]
    },
    "properties": {
    "institution name":"大鈞診所",
    "tel":"2964-6656",
    "address":"新北市中山路2段88號",
    "data_time":"2025-05-31 15:47:59",
    "district":"板橋區"
    }
  },
  {
    "type": "Feature",
    "geometry": {
       "type": "Point",
       "coordinates":  [ 121.465356,25.012172 ]
    },
    "properties": {
    "institution name":"中英醫療社團法人中英醫院",
    "tel":"2256-3584轉823",
    "address":"新北市文化路一段196號",
    "data_time":"2025-05-31 15:47:59",
    "district":"板橋區"
    }
  },
  {
    "type": "Feature",
    "geometry": {
       "type": "Point",
       "coordinates":  [ 121.465356,25.012172 ]
    },
    "properties": {
    "institution name":"中順興診所",
    "tel":"2964-2345",
    "address":"新北市忠孝路14號",
    "data_time":"2025-05-31 15:47:59",
    "district":"板橋區"
    }
  },
  {
    "type": "Feature",
    "geometry": {
       "type": "Point",
       "coordinates":  [ 121.465356,25.012172 ]
    },
    "properties": {
    "institution name":"仁民診所",
    "tel":"2258-7706",
    "address":"新北市陽明街75號",
    "data_time":"2025-05-31 15:47:59",
    "district":"板橋區"
    }
  },
  {
    "type": "Feature",
    "geometry": {
       "type": "Point",
       "coordinates":  [ 121.465356,25.012172 ]
    },
    "properties": {
    "institution name":"仁佑耳鼻喉科診所",
    "tel":"8966-3577",
    "address":"新北市四川路2段39號1樓",
    "data_time":"2025-05-31 15:47:59",
    "district":"板橋區"
    }
  },
  {
    "type": "Feature",
    "geometry": {
       "type": "Point",
       "coordinates":  [ 121.465356,25.012172 ]
    },
    "properties": {
    "institution name":"仁謙診所",
    "tel":"8953-6222",
    "address":"新北市忠孝路102號",
    "data_time":"2025-05-31 15:47:59",
    "district":"板橋區"
    }
  },
  {
    "type": "Feature",
    "geometry": {
       "type": "Point",
       "coordinates":  [ 121.465356,25.012172 ]
    },
    "properties": {
    "institution name":"文瑞診所",
    "tel":"2958-9681",
    "address":"新北市板新路101號10樓",
    "data_time":"2025-05-31 15:47:59",
    "district":"板橋區"
    }
  },
  {
    "type": "Feature",
    "geometry": {
       "type": "Point",
       "coordinates":  [ 121.465356,25.012172 ]
    },
    "properties": {
    "institution name":"王林小兒科所",
    "tel":"2958-4966",
    "address":"新北市忠孝路20號",
    "data_time":"2025-05-31 15:47:59",
    "district":"板橋區"
    }
  },
  {
    "type": "Feature",
    "geometry": {
       "type": "Point",
       "coordinates":  [ 121.465356,25.012172 ]
    },
    "properties": {
    "institution name":"王起釮小兒科診所",
    "tel":"2256-0217",
    "address":"新北市新海路372號",
    "data_time":"2025-05-31 15:47:59",
    "district":"板橋區"
    }
  },
  {
    "type": "Feature",
    "geometry": {
       "type": "Point",
       "coordinates":  [ 121.465356,25.012172 ]
    },
    "properties": {
    "institution name":"幼華診所",
    "tel":"9.35E+08",
    "address":"新北市民族路308號",
    "data_time":"2025-05-31 15:47:59",
    "district":"板橋區"
    }
  },
  {
    "type": "Feature",
    "geometry": {
       "type": "Point",
       "coordinates":  [ 121.465356,25.012172 ]
    },
    "properties": {
    "institution name":"合宜診所",
    "tel":"2968-3486",
    "address":"新北市龍興街47號",
    "data_time":"2025-05-31 15:47:59",
    "district":"板橋區"
    }
  },
  {
    "type": "Feature",
    "geometry": {
       "type": "Point",
       "coordinates":  [ 121.465356,25.012172 ]
    },
    "properties": {
    "institution name":"合泰婦產小兒聯合診所",
    "tel":"2957-6699",
    "address":"新北市忠孝路19號",
    "data_time":"2025-05-31 15:47:59",
    "district":"板橋區"
    }
  },
  {
    "type": "Feature",
    "geometry": {
       "type": "Point",
       "coordinates":  [ 121.465356,25.012172 ]
    },
    "properties": {
    "institution name":"安慶診所",
    "tel":"2259-3168",
    "address":"新北市互助街77巷1號",
    "data_time":"2025-05-31 15:47:59",
    "district":"板橋區"
    }
  },
  {
    "type": "Feature",
    "geometry": {
       "type": "Point",
       "coordinates":  [ 121.465356,25.012172 ]
    },
    "properties": {
    "institution name":"臣雄診所",
    "tel":"2968-8354",
    "address":"新北市北門街24號",
    "data_time":"2025-05-31 15:47:59",
    "district":"板橋區"
    }
  },
  {
    "type": "Feature",
    "geometry": {
       "type": "Point",
       "coordinates":  [ 121.465356,25.012172 ]
    },
    "properties": {
    "institution name":"佑幼小兒科診所",
    "tel":"2252-6199",
    "address":"新北市文化路二段57號",
    "data_time":"2025-05-31 15:47:59",
    "district":"板橋區"
    }
  },
  {
    "type": "Feature",
    "geometry": {
       "type": "Point",
       "coordinates":  [ 121.465356,25.012172 ]
    },
    "properties": {
    "institution name":"佑恩小兒科診所",
    "tel":"2965-8386",
    "address":"新北市國光路176號",
    "data_time":"2025-05-31 15:47:59",
    "district":"板橋區"
    }
  },
  {
    "type": "Feature",
    "geometry": {
       "type": "Point",
       "coordinates":  [ 121.465356,25.012172 ]
    },
    "properties": {
    "institution name":"余立俊診所",
    "tel":"2967-1329",
    "address":"新北市民權路202巷11弄2號",
    "data_time":"2025-05-31 15:47:59",
    "district":"板橋區"
    }
  },
  {
    "type": "Feature",
    "geometry": {
       "type": "Point",
       "coordinates":  [ 121.465356,25.012172 ]
    },
    "properties": {
    "institution name":"利人診所",
    "tel":"2251-1067",
    "address":"新北市松柏街67號1樓",
    "data_time":"2025-05-31 15:47:59",
    "district":"板橋區"
    }
  },
  {
    "type": "Feature",
    "geometry": {
       "type": "Point",
       "coordinates":  [ 121.465356,25.012172 ]
    },
    "properties": {
    "institution name":"吳宏誠小兒科診所",
    "tel":"2250-2422",
    "address":"新北市莊敬路156號1樓",
    "data_time":"2025-05-31 15:47:59",
    "district":"板橋區"
    }
  },
  {
    "type": "Feature",
    "geometry": {
       "type": "Point",
       "coordinates":  [ 121.465356,25.012172 ]
    },
    "properties": {
    "institution name":"吳建明小兒科診所",
    "tel":"8967-0670",
    "address":"新北市四川路2段245巷46號",
    "data_time":"2025-05-31 15:47:59",
    "district":"板橋區"
    }
  },
  {
    "type": "Feature",
    "geometry": {
       "type": "Point",
       "coordinates":  [ 121.465356,25.012172 ]
    },
    "properties": {
    "institution name":"吳懿?小兒科診所",
    "tel":"2272-8269",
    "address":"新北市國光路43號1樓",
    "data_time":"2025-05-31 15:47:59",
    "district":"板橋區"
    }
  },
  {
    "type": "Feature",
    "geometry": {
       "type": "Point",
       "coordinates":  [ 121.465356,25.012172 ]
    },
    "properties": {
    "institution name":"宏元小兒科診所",
    "tel":"8258-3603",
    "address":"新北市仁化街1 號",
    "data_time":"2025-05-31 15:47:59",
    "district":"板橋區"
    }
  },
  {
    "type": "Feature",
    "geometry": {
       "type": "Point",
       "coordinates":  [ 121.465356,25.012172 ]
    },
    "properties": {
    "institution name":"宏文小兒科診所",
    "tel":"2272-8123",
    "address":"新北市國光路45號",
    "data_time":"2025-05-31 15:47:59",
    "district":"板橋區"
    }
  },
  {
    "type": "Feature",
    "geometry": {
       "type": "Point",
       "coordinates":  [ 121.465356,25.012172 ]
    },
    "properties": {
    "institution name":"志明診所",
    "tel":"2675-8609",
    "address":"新北市篤行路二段52號",
    "data_time":"2025-05-31 15:47:59",
    "district":"板橋區"
    }
  },
  {
    "type": "Feature",
    "geometry": {
       "type": "Point",
       "coordinates":  [ 121.465356,25.012172 ]
    },
    "properties": {
    "institution name":"良品婦幼聯合診所",
    "tel":"2965-0111",
    "address":"新北市南雅南路一段8之8號1樓",
    "data_time":"2025-05-31 15:47:59",
    "district":"板橋區"
    }
  },
  {
    "type": "Feature",
    "geometry": {
       "type": "Point",
       "coordinates":  [ 121.465356,25.012172 ]
    },
    "properties": {
    "institution name":"里安診所",
    "tel":"9.83E+08",
    "address":"新北市信義路58號1樓",
    "data_time":"2025-05-31 15:47:59",
    "district":"板橋區"
    }
  },
  {
    "type": "Feature",
    "geometry": {
       "type": "Point",
       "coordinates":  [ 121.465356,25.012172 ]
    },
    "properties": {
    "institution name":"亞東紀念醫院",
    "tel":"7728-1367",
    "address":"新北市南雅南路2段21號",
    "data_time":"2025-05-31 15:47:59",
    "district":"板橋區"
    }
  },
  {
    "type": "Feature",
    "geometry": {
       "type": "Point",
       "coordinates":  [ 121.465356,25.012172 ]
    },
    "properties": {
    "institution name":"佳恩耳鼻喉科診所",
    "tel":"2250-9566",
    "address":"新北市新埔里陽明街40號",
    "data_time":"2025-05-31 15:47:59",
    "district":"板橋區"
    }
  },
  {
    "type": "Feature",
    "geometry": {
       "type": "Point",
       "coordinates":  [ 0.0,0.0 ]
    },
    "properties": {
    "institution name":"佳誠診所",
    "tel":"8952-1258",
    "address":"中山路二段140號",
    "data_time":"2025-05-31 15:47:59",
    "district":"板橋區"
    }
  },
  {
    "type": "Feature",
    "geometry": {
       "type": "Point",
       "coordinates":  [ 121.465356,25.012172 ]
    },
    "properties": {
    "institution name":"兒林小兒科診所",
    "tel":"8952-3069",
    "address":"新北市廣和街90號1樓",
    "data_time":"2025-05-31 15:47:59",
    "district":"板橋區"
    }
  },
  {
    "type": "Feature",
    "geometry": {
       "type": "Point",
       "coordinates":  [ 121.465356,25.012172 ]
    },
    "properties": {
    "institution name":"周文通診所",
    "tel":"2257-2435",
    "address":"新北市四維路292號",
    "data_time":"2025-05-31 15:47:59",
    "district":"板橋區"
    }
  },
  {
    "type": "Feature",
    "geometry": {
       "type": "Point",
       "coordinates":  [ 121.465356,25.012172 ]
    },
    "properties": {
    "institution name":"周耳鼻喉科診所",
    "tel":"2252-5158",
    "address":"新北市文化路二段5號1樓",
    "data_time":"2025-05-31 15:47:59",
    "district":"板橋區"
    }
  },
  {
    "type": "Feature",
    "geometry": {
       "type": "Point",
       "coordinates":  [ 121.465356,25.012172 ]
    },
    "properties": {
    "institution name":"和安診所",
    "tel":"2257-8133",
    "address":"新北市四維路313號",
    "data_time":"2025-05-31 15:47:59",
    "district":"板橋區"
    }
  },
  {
    "type": "Feature",
    "geometry": {
       "type": "Point",
       "coordinates":  [ 121.465356,25.012172 ]
    },
    "properties": {
    "institution name":"板英醫院",
    "tel":"8251-3923",
    "address":"新北市文化路一段269號",
    "data_time":"2025-05-31 15:47:59",
    "district":"板橋區"
    }
  },
  {
    "type": "Feature",
    "geometry": {
       "type": "Point",
       "coordinates":  [ 121.465356,25.012172 ]
    },
    "properties": {
    "institution name":"板新醫院",
    "tel":"2960-9955#775",
    "address":"新北市中正路189號",
    "data_time":"2025-05-31 15:47:59",
    "district":"板橋區"
    }
  },
  {
    "type": "Feature",
    "geometry": {
       "type": "Point",
       "coordinates":  [ 121.465356,25.012172 ]
    },
    "properties": {
    "institution name":"板橋李耳鼻喉科",
    "tel":"2960-6999",
    "address":"新北市縣民大道1段185號",
    "data_time":"2025-05-31 15:47:59",
    "district":"板橋區"
    }
  },
  {
    "type": "Feature",
    "geometry": {
       "type": "Point",
       "coordinates":  [ 121.465356,25.012172 ]
    },
    "properties": {
    "institution name":"板橋國泰醫院",
    "tel":"2958-3333",
    "address":"新北市忠孝路5號",
    "data_time":"2025-05-31 15:47:59",
    "district":"板橋區"
    }
  },
  {
    "type": "Feature",
    "geometry": {
       "type": "Point",
       "coordinates":  [ 121.465356,25.012172 ]
    },
    "properties": {
    "institution name":"板橋榮譽國民之家醫務室",
    "tel":"2275-5157轉331、316",
    "address":"新北市大觀路二段32號",
    "data_time":"2025-05-31 15:47:59",
    "district":"板橋區"
    }
  },
  {
    "type": "Feature",
    "geometry": {
       "type": "Point",
       "coordinates":  [ 121.465356,25.012172 ]
    },
    "properties": {
    "institution name":"板聯診所",
    "tel":"2255-9990",
    "address":"新北市民治街140號1樓",
    "data_time":"2025-05-31 15:47:59",
    "district":"板橋區"
    }
  },
  {
    "type": "Feature",
    "geometry": {
       "type": "Point",
       "coordinates":  [ 121.465356,25.012172 ]
    },
    "properties": {
    "institution name":"林子敬診所",
    "tel":"2959-1986",
    "address":"新北市中山路2段198號",
    "data_time":"2025-05-31 15:47:59",
    "district":"板橋區"
    }
  },
  {
    "type": "Feature",
    "geometry": {
       "type": "Point",
       "coordinates":  [ 121.465356,25.012172 ]
    },
    "properties": {
    "institution name":"林國本耳鼻喉科",
    "tel":"2255-7445",
    "address":"新北市文聖街6號",
    "data_time":"2025-05-31 15:47:59",
    "district":"板橋區"
    }
  },
  {
    "type": "Feature",
    "geometry": {
       "type": "Point",
       "coordinates":  [ 121.465356,25.012172 ]
    },
    "properties": {
    "institution name":"林儀文婦產科",
    "tel":"2969-6995",
    "address":"新北市民權路218號",
    "data_time":"2025-05-31 15:47:59",
    "district":"板橋區"
    }
  },
  {
    "type": "Feature",
    "geometry": {
       "type": "Point",
       "coordinates":  [ 121.465356,25.012172 ]
    },
    "properties": {
    "institution name":"欣心診所",
    "tel":"8252-8652",
    "address":"新北市莒光路94號1樓",
    "data_time":"2025-05-31 15:47:59",
    "district":"板橋區"
    }
  },
  {
    "type": "Feature",
    "geometry": {
       "type": "Point",
       "coordinates":  [ 121.465356,25.012172 ]
    },
    "properties": {
    "institution name":"欣幼婦產科診所",
    "tel":"2959-1158",
    "address":"新北市四川路一段188號",
    "data_time":"2025-05-31 15:47:59",
    "district":"板橋區"
    }
  },
  {
    "type": "Feature",
    "geometry": {
       "type": "Point",
       "coordinates":  [ 121.465356,25.012172 ]
    },
    "properties": {
    "institution name":"侯世文診所",
    "tel":"2955-5699",
    "address":"新北市實踐路100號",
    "data_time":"2025-05-31 15:47:59",
    "district":"板橋區"
    }
  },
  {
    "type": "Feature",
    "geometry": {
       "type": "Point",
       "coordinates":  [ 121.465356,25.012172 ]
    },
    "properties": {
    "institution name":"俊亨內科診所",
    "tel":"2271-0651",
    "address":"新北市合宜一路53號",
    "data_time":"2025-05-31 15:47:59",
    "district":"板橋區"
    }
  },
  {
    "type": "Feature",
    "geometry": {
       "type": "Point",
       "coordinates":  [ 121.465356,25.012172 ]
    },
    "properties": {
    "institution name":"信德診所",
    "tel":"2257-0295",
    "address":"新北市文化路一段310號",
    "data_time":"2025-05-31 15:47:59",
    "district":"板橋區"
    }
  },
  {
    "type": "Feature",
    "geometry": {
       "type": "Point",
       "coordinates":  [ 121.465356,25.012172 ]
    },
    "properties": {
    "institution name":"建佑診所",
    "tel":"2257-0688",
    "address":"新北市雙十路二段164號",
    "data_time":"2025-05-31 15:47:59",
    "district":"板橋區"
    }
  },
  {
    "type": "Feature",
    "geometry": {
       "type": "Point",
       "coordinates":  [ 121.465356,25.012172 ]
    },
    "properties": {
    "institution name":"春和診所",
    "tel":"2256-0068",
    "address":"新北市長江路一段138號",
    "data_time":"2025-05-31 15:47:59",
    "district":"板橋區"
    }
  },
  {
    "type": "Feature",
    "geometry": {
       "type": "Point",
       "coordinates":  [ 121.465356,25.012172 ]
    },
    "properties": {
    "institution name":"重心診所",
    "tel":"2959-7755",
    "address":"新北市國慶路189號1樓",
    "data_time":"2025-05-31 15:47:59",
    "district":"板橋區"
    }
  },
  {
    "type": "Feature",
    "geometry": {
       "type": "Point",
       "coordinates":  [ 121.465356,25.012172 ]
    },
    "properties": {
    "institution name":"重慶耳鼻喉科診所",
    "tel":"8951-7755",
    "address":"新北市和平路161巷26號1樓",
    "data_time":"2025-05-31 15:47:59",
    "district":"板橋區"
    }
  },
  {
    "type": "Feature",
    "geometry": {
       "type": "Point",
       "coordinates":  [ 121.465356,25.012172 ]
    },
    "properties": {
    "institution name":"徐小兒科診所",
    "tel":"2250-0890",
    "address":"新北市陽明街46之2號1樓",
    "data_time":"2025-05-31 15:47:59",
    "district":"板橋區"
    }
  },
  {
    "type": "Feature",
    "geometry": {
       "type": "Point",
       "coordinates":  [ 121.465356,25.012172 ]
    },
    "properties": {
    "institution name":"基安西醫診所",
    "tel":"8966-2464",
    "address":"新北市四川路二段120號",
    "data_time":"2025-05-31 15:47:59",
    "district":"板橋區"
    }
  },
  {
    "type": "Feature",
    "geometry": {
       "type": "Point",
       "coordinates":  [ 121.465356,25.012172 ]
    },
    "properties": {
    "institution name":"常春聯合診所",
    "tel":"2964-2694",
    "address":"新北市四川路1段47號",
    "data_time":"2025-05-31 15:47:59",
    "district":"板橋區"
    }
  },
  {
    "type": "Feature",
    "geometry": {
       "type": "Point",
       "coordinates":  [ 121.465356,25.012172 ]
    },
    "properties": {
    "institution name":"康宏骨科診所",
    "tel":"2958-8579",
    "address":"新北市四川路一段475號",
    "data_time":"2025-05-31 15:47:59",
    "district":"板橋區"
    }
  },
  {
    "type": "Feature",
    "geometry": {
       "type": "Point",
       "coordinates":  [ 121.465356,25.012172 ]
    },
    "properties": {
    "institution name":"張博揚小兒科診所",
    "tel":"?2258-3867",
    "address":"新北市仁化街85號",
    "data_time":"2025-05-31 15:47:59",
    "district":"板橋區"
    }
  },
  {
    "type": "Feature",
    "geometry": {
       "type": "Point",
       "coordinates":  [ 121.465356,25.012172 ]
    },
    "properties": {
    "institution name":"盛強耳鼻喉科",
    "tel":"2957-6630",
    "address":"新北市中山路二段367號",
    "data_time":"2025-05-31 15:47:59",
    "district":"板橋區"
    }
  },
  {
    "type": "Feature",
    "geometry": {
       "type": "Point",
       "coordinates":  [ 121.465356,25.012172 ]
    },
    "properties": {
    "institution name":"莒光診所",
    "tel":"2252-7700",
    "address":"新北市莒光路30號",
    "data_time":"2025-05-31 15:47:59",
    "district":"板橋區"
    }
  },
  {
    "type": "Feature",
    "geometry": {
       "type": "Point",
       "coordinates":  [ 121.465356,25.012172 ]
    },
    "properties": {
    "institution name":"連建安診所",
    "tel":"2951-9918",
    "address":"新北市三民路二段146號1樓",
    "data_time":"2025-05-31 15:47:59",
    "district":"板橋區"
    }
  },
  {
    "type": "Feature",
    "geometry": {
       "type": "Point",
       "coordinates":  [ 121.465356,25.012172 ]
    },
    "properties": {
    "institution name":"陳正忠小兒科診所",
    "tel":"2968-5489",
    "address":"新北市府中路143號",
    "data_time":"2025-05-31 15:47:59",
    "district":"板橋區"
    }
  },
  {
    "type": "Feature",
    "geometry": {
       "type": "Point",
       "coordinates":  [ 121.465356,25.012172 ]
    },
    "properties": {
    "institution name":"陳志洪診所",
    "tel":"8252-2832",
    "address":"新北市文化路一段216號",
    "data_time":"2025-05-31 15:47:59",
    "district":"板橋區"
    }
  },
  {
    "type": "Feature",
    "geometry": {
       "type": "Point",
       "coordinates":  [ 121.465356,25.012172 ]
    },
    "properties": {
    "institution name":"陳恩哲小兒科診所",
    "tel":"2256-7200",
    "address":"新北市文化路一段216號",
    "data_time":"2025-05-31 15:47:59",
    "district":"板橋區"
    }
  },
  {
    "type": "Feature",
    "geometry": {
       "type": "Point",
       "coordinates":  [ 121.465356,25.012172 ]
    },
    "properties": {
    "institution name":"陳敏玲內科診所",
    "tel":"2681-6661",
    "address":"新北市溪崑二街97號",
    "data_time":"2025-05-31 15:47:59",
    "district":"板橋區"
    }
  },
  {
    "type": "Feature",
    "geometry": {
       "type": "Point",
       "coordinates":  [ 121.465356,25.012172 ]
    },
    "properties": {
    "institution name":"陳嘉偉診所",
    "tel":"2955-5457",
    "address":"新北市懷仁街92號",
    "data_time":"2025-05-31 15:47:59",
    "district":"板橋區"
    }
  },
  {
    "type": "Feature",
    "geometry": {
       "type": "Point",
       "coordinates":  [ 121.465356,25.012172 ]
    },
    "properties": {
    "institution name":"陳榮泰小兒科診所",
    "tel":"2682-0560",
    "address":"新北市金門街311號",
    "data_time":"2025-05-31 15:47:59",
    "district":"板橋區"
    }
  },
  {
    "type": "Feature",
    "geometry": {
       "type": "Point",
       "coordinates":  [ 121.465356,25.012172 ]
    },
    "properties": {
    "institution name":"博康診所",
    "tel":"2951-1681",
    "address":"新北市四川路一段146號1樓",
    "data_time":"2025-05-31 15:47:59",
    "district":"板橋區"
    }
  },
  {
    "type": "Feature",
    "geometry": {
       "type": "Point",
       "coordinates":  [ 121.465356,25.012172 ]
    },
    "properties": {
    "institution name":"揚明診所",
    "tel":"8252-8557",
    "address":"新北市陽明街38號1樓",
    "data_time":"2025-05-31 15:47:59",
    "district":"板橋區"
    }
  },
  {
    "type": "Feature",
    "geometry": {
       "type": "Point",
       "coordinates":  [ 121.465356,25.012172 ]
    },
    "properties": {
    "institution name":"晴天耳鼻喉科診所",
    "tel":"2964-6662",
    "address":"新北市中山路2段225號",
    "data_time":"2025-05-31 15:47:59",
    "district":"板橋區"
    }
  },
  {
    "type": "Feature",
    "geometry": {
       "type": "Point",
       "coordinates":  [ 121.465356,25.012172 ]
    },
    "properties": {
    "institution name":"晴天家醫科診所",
    "tel":"2964-6662",
    "address":"新北市中山路2段225號",
    "data_time":"2025-05-31 15:47:59",
    "district":"板橋區"
    }
  },
  {
    "type": "Feature",
    "geometry": {
       "type": "Point",
       "coordinates":  [ 121.465356,25.012172 ]
    },
    "properties": {
    "institution name":"菡生婦幼中心",
    "tel":"2951-8999#302",
    "address":"新北市中山路一段104號",
    "data_time":"2025-05-31 15:47:59",
    "district":"板橋區"
    }
  },
  {
    "type": "Feature",
    "geometry": {
       "type": "Point",
       "coordinates":  [ 121.465356,25.012172 ]
    },
    "properties": {
    "institution name":"黃世鑫診所",
    "tel":"2953-6051",
    "address":"新北市四川路一段143號",
    "data_time":"2025-05-31 15:47:59",
    "district":"板橋區"
    }
  },
  {
    "type": "Feature",
    "geometry": {
       "type": "Point",
       "coordinates":  [ 121.465356,25.012172 ]
    },
    "properties": {
    "institution name":"黃景宏診所",
    "tel":"2257-3198",
    "address":"新北市陽明街63號",
    "data_time":"2025-05-31 15:47:59",
    "district":"板橋區"
    }
  },
  {
    "type": "Feature",
    "geometry": {
       "type": "Point",
       "coordinates":  [ 121.465356,25.012172 ]
    },
    "properties": {
    "institution name":"慈蕙診所",
    "tel":"2955-6754",
    "address":"新北市三民路二段202之29號",
    "data_time":"2025-05-31 15:47:59",
    "district":"板橋區"
    }
  },
  {
    "type": "Feature",
    "geometry": {
       "type": "Point",
       "coordinates":  [ 121.465356,25.012172 ]
    },
    "properties": {
    "institution name":"新北市立聯合醫院",
    "tel":" 2257-5151#2233",
    "address":"新北市英士路198號",
    "data_time":"2025-05-31 15:47:59",
    "district":"板橋區"
    }
  },
  {
    "type": "Feature",
    "geometry": {
       "type": "Point",
       "coordinates":  [ 121.465356,25.012172 ]
    },
    "properties": {
    "institution name":"新埔立安診所",
    "tel":"2255-8699",
    "address":"新北市陽明街12號一樓",
    "data_time":"2025-05-31 15:47:59",
    "district":"板橋區"
    }
  },
  {
    "type": "Feature",
    "geometry": {
       "type": "Point",
       "coordinates":  [ 121.465356,25.012172 ]
    },
    "properties": {
    "institution name":"溫大慶小兒科診所",
    "tel":"2258-2330",
    "address":"新北市新海路386號",
    "data_time":"2025-05-31 15:47:59",
    "district":"板橋區"
    }
  },
  {
    "type": "Feature",
    "geometry": {
       "type": "Point",
       "coordinates":  [ 121.465356,25.012172 ]
    },
    "properties": {
    "institution name":"當代聯合診所",
    "tel":"2965-1535",
    "address":"新北市中正路319號",
    "data_time":"2025-05-31 15:47:59",
    "district":"板橋區"
    }
  },
  {
    "type": "Feature",
    "geometry": {
       "type": "Point",
       "coordinates":  [ 121.465356,25.012172 ]
    },
    "properties": {
    "institution name":"詹婦產科診所",
    "tel":"2252-9326",
    "address":"新北市文化路二段二號",
    "data_time":"2025-05-31 15:47:59",
    "district":"板橋區"
    }
  },
  {
    "type": "Feature",
    "geometry": {
       "type": "Point",
       "coordinates":  [ 121.465356,25.012172 ]
    },
    "properties": {
    "institution name":"雷世陽婦產科診所",
    "tel":"8953-5508",
    "address":"新北市三民路二段110號",
    "data_time":"2025-05-31 15:47:59",
    "district":"板橋區"
    }
  },
  {
    "type": "Feature",
    "geometry": {
       "type": "Point",
       "coordinates":  [ 121.465356,25.012172 ]
    },
    "properties": {
    "institution name":"嘉禾診所",
    "tel":"2952-2688",
    "address":"新北市中山路二段194號1樓",
    "data_time":"2025-05-31 15:47:59",
    "district":"板橋區"
    }
  },
  {
    "type": "Feature",
    "geometry": {
       "type": "Point",
       "coordinates":  [ 121.465356,25.012172 ]
    },
    "properties": {
    "institution name":"嘉恩診所",
    "tel":"2250-9566",
    "address":"新北市新埔里陽明街40號",
    "data_time":"2025-05-31 15:47:59",
    "district":"板橋區"
    }
  },
  {
    "type": "Feature",
    "geometry": {
       "type": "Point",
       "coordinates":  [ 121.465356,25.012172 ]
    },
    "properties": {
    "institution name":"漢生診所",
    "tel":"2254-5665",
    "address":"新北市漢生西路73號",
    "data_time":"2025-05-31 15:47:59",
    "district":"板橋區"
    }
  },
  {
    "type": "Feature",
    "geometry": {
       "type": "Point",
       "coordinates":  [ 121.465356,25.012172 ]
    },
    "properties": {
    "institution name":"福星耳鼻喉科診所",
    "tel":"2957-7182",
    "address":"新北市重慶路181號",
    "data_time":"2025-05-31 15:47:59",
    "district":"板橋區"
    }
  },
  {
    "type": "Feature",
    "geometry": {
       "type": "Point",
       "coordinates":  [ 121.465356,25.012172 ]
    },
    "properties": {
    "institution name":"遠興婦幼診所",
    "tel":"8951-0099",
    "address":"新北市中山路一段91號",
    "data_time":"2025-05-31 15:47:59",
    "district":"板橋區"
    }
  },
  {
    "type": "Feature",
    "geometry": {
       "type": "Point",
       "coordinates":  [ 121.465356,25.012172 ]
    },
    "properties": {
    "institution name":"劉宜光診所",
    "tel":"8968-1111",
    "address":"新北市板橋龍興街33號",
    "data_time":"2025-05-31 15:47:59",
    "district":"板橋區"
    }
  },
  {
    "type": "Feature",
    "geometry": {
       "type": "Point",
       "coordinates":  [ 121.465356,25.012172 ]
    },
    "properties": {
    "institution name":"德一診所",
    "tel":"2953-5396",
    "address":"新北市中山路2段236號",
    "data_time":"2025-05-31 15:47:59",
    "district":"板橋區"
    }
  },
  {
    "type": "Feature",
    "geometry": {
       "type": "Point",
       "coordinates":  [ 121.465356,25.012172 ]
    },
    "properties": {
    "institution name":"樂田耳鼻喉科診所",
    "tel":"8258-2968",
    "address":"新北市文化路二段10號",
    "data_time":"2025-05-31 15:47:59",
    "district":"板橋區"
    }
  },
  {
    "type": "Feature",
    "geometry": {
       "type": "Point",
       "coordinates":  [ 121.465356,25.012172 ]
    },
    "properties": {
    "institution name":"樂欣診所",
    "tel":"2252-6222",
    "address":"新北市四維路108號",
    "data_time":"2025-05-31 15:47:59",
    "district":"板橋區"
    }
  },
  {
    "type": "Feature",
    "geometry": {
       "type": "Point",
       "coordinates":  [ 121.465356,25.012172 ]
    },
    "properties": {
    "institution name":"樂福診所",
    "tel":"2956-0606",
    "address":"新北市三民路二段89號",
    "data_time":"2025-05-31 15:47:59",
    "district":"板橋區"
    }
  },
  {
    "type": "Feature",
    "geometry": {
       "type": "Point",
       "coordinates":  [ 121.465356,25.012172 ]
    },
    "properties": {
    "institution name":"樂澄診所",
    "tel":"2275-1010",
    "address":"新北市北門街13號",
    "data_time":"2025-05-31 15:47:59",
    "district":"板橋區"
    }
  },
  {
    "type": "Feature",
    "geometry": {
       "type": "Point",
       "coordinates":  [ 121.465356,25.012172 ]
    },
    "properties": {
    "institution name":"蔡利誠診所",
    "tel":"2250-2246",
    "address":"新北市陽明街112號",
    "data_time":"2025-05-31 15:47:59",
    "district":"板橋區"
    }
  },
  {
    "type": "Feature",
    "geometry": {
       "type": "Point",
       "coordinates":  [ 121.465356,25.012172 ]
    },
    "properties": {
    "institution name":"蔡明志小兒專科診所",
    "tel":"8257-0156",
    "address":"新北市雨農路56號",
    "data_time":"2025-05-31 15:47:59",
    "district":"板橋區"
    }
  },
  {
    "type": "Feature",
    "geometry": {
       "type": "Point",
       "coordinates":  [ 121.465356,25.012172 ]
    },
    "properties": {
    "institution name":"翰生診所",
    "tel":"2254-5665",
    "address":"新北市漢生西路73號",
    "data_time":"2025-05-31 15:47:59",
    "district":"板橋區"
    }
  },
  {
    "type": "Feature",
    "geometry": {
       "type": "Point",
       "coordinates":  [ 121.465356,25.012172 ]
    },
    "properties": {
    "institution name":"興安診所",
    "tel":"2965-2683",
    "address":"新北市龍興街51號",
    "data_time":"2025-05-31 15:47:59",
    "district":"板橋區"
    }
  },
  {
    "type": "Feature",
    "geometry": {
       "type": "Point",
       "coordinates":  [ 121.465356,25.012172 ]
    },
    "properties": {
    "institution name":"蕭中正醫院",
    "tel":"2968-5661",
    "address":"新北市新興里南雅南路一段15-1號",
    "data_time":"2025-05-31 15:47:59",
    "district":"板橋區"
    }
  },
  {
    "type": "Feature",
    "geometry": {
       "type": "Point",
       "coordinates":  [ 121.465356,25.012172 ]
    },
    "properties": {
    "institution name":"蕭正輝兒科診所",
    "tel":"2250-1101",
    "address":"新北市文化路二段137號1樓",
    "data_time":"2025-05-31 15:47:59",
    "district":"板橋區"
    }
  },
  {
    "type": "Feature",
    "geometry": {
       "type": "Point",
       "coordinates":  [ 121.465356,25.012172 ]
    },
    "properties": {
    "institution name":"龍興診所",
    "tel":"2965-0765",
    "address":"新北市龍興街45號",
    "data_time":"2025-05-31 15:47:59",
    "district":"板橋區"
    }
  },
  {
    "type": "Feature",
    "geometry": {
       "type": "Point",
       "coordinates":  [ 121.465356,25.012172 ]
    },
    "properties": {
    "institution name":"聯德診所",
    "tel":"8687-1766",
    "address":"新北市溪北路13號",
    "data_time":"2025-05-31 15:47:59",
    "district":"板橋區"
    }
  },
  {
    "type": "Feature",
    "geometry": {
       "type": "Point",
       "coordinates":  [ 121.465356,25.012172 ]
    },
    "properties": {
    "institution name":"謝坤川診所",
    "tel":"2256-2949",
    "address":"新北市陽明街10號",
    "data_time":"2025-05-31 15:47:59",
    "district":"板橋區"
    }
  },
  {
    "type": "Feature",
    "geometry": {
       "type": "Point",
       "coordinates":  [ 121.465356,25.012172 ]
    },
    "properties": {
    "institution name":"燿星小兒科診所",
    "tel":"2952-2377",
    "address":"新北市實踐路113號",
    "data_time":"2025-05-31 15:47:59",
    "district":"板橋區"
    }
  },
  {
    "type": "Feature",
    "geometry": {
       "type": "Point",
       "coordinates":  [ 121.465356,25.012172 ]
    },
    "properties": {
    "institution name":"豐禾婦產科診所",
    "tel":"8951-0666",
    "address":"新北市中山路一段279號3樓之一",
    "data_time":"2025-05-31 15:47:59",
    "district":"板橋區"
    }
  },
  {
    "type": "Feature",
    "geometry": {
       "type": "Point",
       "coordinates":  [ 121.465356,25.012172 ]
    },
    "properties": {
    "institution name":"麗暘診所",
    "tel":"2250-1841",
    "address":"新北市懷德街78巷2號",
    "data_time":"2025-05-31 15:47:59",
    "district":"板橋區"
    }
  },
  {
    "type": "Feature",
    "geometry": {
       "type": "Point",
       "coordinates":  [ 121.465356,25.012172 ]
    },
    "properties": {
    "institution name":"耀安小兒科診所",
    "tel":"2961-6781",
    "address":"新北市漢生東路324號1樓",
    "data_time":"2025-05-31 15:47:59",
    "district":"板橋區"
    }
  },
  {
    "type": "Feature",
    "geometry": {
       "type": "Point",
       "coordinates":  [ 121.364057,25.069842 ]
    },
    "properties": {
    "institution name":"林口區衛生所",
    "tel":"2606-8760",
    "address":"新北市林口區忠孝二路55號",
    "data_time":"2025-05-31 15:47:59",
    "district":"林口區"
    }
  },
  {
    "type": "Feature",
    "geometry": {
       "type": "Point",
       "coordinates":  [ 121.376041,25.078713 ]
    },
    "properties": {
    "institution name":"未來小兒科",
    "tel":"2602-9090",
    "address":"新北市林口區文化二路一段577號",
    "data_time":"2025-05-31 15:47:59",
    "district":"林口區"
    }
  },
  {
    "type": "Feature",
    "geometry": {
       "type": "Point",
       "coordinates":  [ 121.375573,25.077618 ]
    },
    "properties": {
    "institution name":"永健診所",
    "tel":"2601-6129",
    "address":"新北市林口區文化二路一段392-3號1樓",
    "data_time":"2025-05-31 15:47:59",
    "district":"林口區"
    }
  },
  {
    "type": "Feature",
    "geometry": {
       "type": "Point",
       "coordinates":  [ 121.389009,25.079119 ]
    },
    "properties": {
    "institution name":"明揚診所",
    "tel":"2603-5801",
    "address":"新北市林口區中山路192號",
    "data_time":"2025-05-31 15:47:59",
    "district":"林口區"
    }
  },
  {
    "type": "Feature",
    "geometry": {
       "type": "Point",
       "coordinates":  [ 121.367451,25.074325 ]
    },
    "properties": {
    "institution name":"林口微笑親子耳鼻喉科診所",
    "tel":"2600-0515",
    "address":"新北市林口區文化三路一段421號一樓",
    "data_time":"2025-05-31 15:47:59",
    "district":"林口區"
    }
  },
  {
    "type": "Feature",
    "geometry": {
       "type": "Point",
       "coordinates":  [ 121.366813,25.067859 ]
    },
    "properties": {
    "institution name":"侯志龍小兒科診所",
    "tel":"2608-9001",
    "address":"新北市林口區公園路25號1F",
    "data_time":"2025-05-31 15:47:59",
    "district":"林口區"
    }
  },
  {
    "type": "Feature",
    "geometry": {
       "type": "Point",
       "coordinates":  [ 121.376605,25.070121 ]
    },
    "properties": {
    "institution name":"捷仁診所",
    "tel":"2600-9405",
    "address":"新北市林口區麗園一街6巷1號1樓之4",
    "data_time":"2025-05-31 15:47:59",
    "district":"林口區"
    }
  },
  {
    "type": "Feature",
    "geometry": {
       "type": "Point",
       "coordinates":  [ 121.383982,25.074891 ]
    },
    "properties": {
    "institution name":"陽光耳鼻喉科",
    "tel":"2601-6068#115",
    "address":"新北市林口區仁愛路2段115號1樓",
    "data_time":"2025-05-31 15:47:59",
    "district":"林口區"
    }
  },
  {
    "type": "Feature",
    "geometry": {
       "type": "Point",
       "coordinates":  [ 121.372549,25.075985 ]
    },
    "properties": {
    "institution name":"黃紹基診所",
    "tel":"2600-5385#9",
    "address":"新北市林口區民有街156號1樓",
    "data_time":"2025-05-31 15:47:59",
    "district":"林口區"
    }
  },
  {
    "type": "Feature",
    "geometry": {
       "type": "Point",
       "coordinates":  [ 121.373979,25.076482 ]
    },
    "properties": {
    "institution name":"穎欣診所",
    "tel":"2606-9786",
    "address":"新北市林口區文化二路一段535號1樓",
    "data_time":"2025-05-31 15:47:59",
    "district":"林口區"
    }
  },
  {
    "type": "Feature",
    "geometry": {
       "type": "Point",
       "coordinates":  [ 121.383982,25.074891 ]
    },
    "properties": {
    "institution name":"親子耳鼻喉科診所",
    "tel":"2601-6068#115",
    "address":"新北市林口區仁愛路2段115號1樓",
    "data_time":"2025-05-31 15:47:59",
    "district":"林口區"
    }
  },
  {
    "type": "Feature",
    "geometry": {
       "type": "Point",
       "coordinates":  [ 121.369461,25.071601 ]
    },
    "properties": {
    "institution name":"麗林耳鼻喉科",
    "tel":"2608-2795",
    "address":"新北市林口區忠孝路379號",
    "data_time":"2025-05-31 15:47:59",
    "district":"林口區"
    }
  },
  {
    "type": "Feature",
    "geometry": {
       "type": "Point",
       "coordinates":  [ 121.641163,25.22046 ]
    },
    "properties": {
    "institution name":"金山區衛生所",
    "tel":"2498-2778",
    "address":"新北市金山區民生路59號",
    "data_time":"2025-05-31 15:47:59",
    "district":"金山區"
    }
  },
  {
    "type": "Feature",
    "geometry": {
       "type": "Point",
       "coordinates":  [ 121.637385,25.22166 ]
    },
    "properties": {
    "institution name":"東大診所",
    "tel":"2498-3191",
    "address":"新北市金山區中山路231號",
    "data_time":"2025-05-31 15:47:59",
    "district":"金山區"
    }
  },
  {
    "type": "Feature",
    "geometry": {
       "type": "Point",
       "coordinates":  [ 121.628344,25.219469 ]
    },
    "properties": {
    "institution name":"國立臺灣大學醫學院附設醫院金山分院",
    "tel":"2498-9898#7615",
    "address":"新北市金山區玉爐路7號",
    "data_time":"2025-05-31 15:47:59",
    "district":"金山區"
    }
  },
  {
    "type": "Feature",
    "geometry": {
       "type": "Point",
       "coordinates":  [ 121.433653,25.05613 ]
    },
    "properties": {
    "institution name":"泰山區衛生所",
    "tel":"2909-9921",
    "address":"新北市泰山區全興路212號3樓",
    "data_time":"2025-05-31 15:47:59",
    "district":"泰山區"
    }
  },
  {
    "type": "Feature",
    "geometry": {
       "type": "Point",
       "coordinates":  [ 121.432128,25.060077 ]
    },
    "properties": {
    "institution name":"王嘉興診所",
    "tel":"8531-4123",
    "address":"新北市泰山區明志路一段271號",
    "data_time":"2025-05-31 15:47:59",
    "district":"泰山區"
    }
  },
  {
    "type": "Feature",
    "geometry": {
       "type": "Point",
       "coordinates":  [ 121.432211,25.060299 ]
    },
    "properties": {
    "institution name":"弘森診所",
    "tel":"2909-0568",
    "address":"新北市泰山區明志路一段257號",
    "data_time":"2025-05-31 15:47:59",
    "district":"泰山區"
    }
  },
  {
    "type": "Feature",
    "geometry": {
       "type": "Point",
       "coordinates":  [ 121.433633,25.055578 ]
    },
    "properties": {
    "institution name":"永安診所",
    "tel":"8531-8184",
    "address":"新北市泰山區仁愛路112之2號",
    "data_time":"2025-05-31 15:47:59",
    "district":"泰山區"
    }
  },
  {
    "type": "Feature",
    "geometry": {
       "type": "Point",
       "coordinates":  [ 121.432991,25.055253 ]
    },
    "properties": {
    "institution name":"永旭診所",
    "tel":"2297-9722",
    "address":"新北市泰山區仁愛路88號1樓",
    "data_time":"2025-05-31 15:47:59",
    "district":"泰山區"
    }
  },
  {
    "type": "Feature",
    "geometry": {
       "type": "Point",
       "coordinates":  [ 121.425958,25.045614 ]
    },
    "properties": {
    "institution name":"佳欣診所",
    "tel":"2904-8622",
    "address":"新北市泰山區明志路二段336號",
    "data_time":"2025-05-31 15:47:59",
    "district":"泰山區"
    }
  },
  {
    "type": "Feature",
    "geometry": {
       "type": "Point",
       "coordinates":  [ 121.434038,25.056591 ]
    },
    "properties": {
    "institution name":"泰山新庚診所",
    "tel":"2900-0298",
    "address":"新北市泰山區仁德路73號1樓",
    "data_time":"2025-05-31 15:47:59",
    "district":"泰山區"
    }
  },
  {
    "type": "Feature",
    "geometry": {
       "type": "Point",
       "coordinates":  [ 121.43376,25.060825 ]
    },
    "properties": {
    "institution name":"泰安診所",
    "tel":"2296-1869",
    "address":"新北市泰山區泰林路二段182號",
    "data_time":"2025-05-31 15:47:59",
    "district":"泰山區"
    }
  },
  {
    "type": "Feature",
    "geometry": {
       "type": "Point",
       "coordinates":  [ 121.429024,25.052689 ]
    },
    "properties": {
    "institution name":"泰和診所",
    "tel":"8531-5320",
    "address":"新北市泰山區明志路二段62號",
    "data_time":"2025-05-31 15:47:59",
    "district":"泰山區"
    }
  },
  {
    "type": "Feature",
    "geometry": {
       "type": "Point",
       "coordinates":  [ 121.429903,25.053627 ]
    },
    "properties": {
    "institution name":"陳獻宗診所",
    "tel":"2297-4050",
    "address":"新北市泰山區明志路二段12號",
    "data_time":"2025-05-31 15:47:59",
    "district":"泰山區"
    }
  },
  {
    "type": "Feature",
    "geometry": {
       "type": "Point",
       "coordinates":  [ 121.433508,25.062438 ]
    },
    "properties": {
    "institution name":"楓江診所",
    "tel":"2296-9708",
    "address":"新北市泰山區楓江路8號",
    "data_time":"2025-05-31 15:47:59",
    "district":"泰山區"
    }
  },
  {
    "type": "Feature",
    "geometry": {
       "type": "Point",
       "coordinates":  [ 121.433545,25.060757 ]
    },
    "properties": {
    "institution name":"溫法烈耳鼻喉科診所",
    "tel":"2909-8253",
    "address":"新北市泰山區泰林路二段175號",
    "data_time":"2025-05-31 15:47:59",
    "district":"泰山區"
    }
  },
  {
    "type": "Feature",
    "geometry": {
       "type": "Point",
       "coordinates":  [ 121.430799,25.039675 ]
    },
    "properties": {
    "institution name":"輔仁大學學校財團法人輔仁大學附設醫院",
    "tel":"8512-8888",
    "address":"新北市泰山區貴子路69號",
    "data_time":"2025-05-31 15:47:59",
    "district":"泰山區"
    }
  },
  {
    "type": "Feature",
    "geometry": {
       "type": "Point",
       "coordinates":  [ 121.42944,25.0531 ]
    },
    "properties": {
    "institution name":"賴和鴻診所",
    "tel":"2909-4502",
    "address":"新北市泰山區明志路二段42號",
    "data_time":"2025-05-31 15:47:59",
    "district":"泰山區"
    }
  },
  {
    "type": "Feature",
    "geometry": {
       "type": "Point",
       "coordinates":  [ 121.547977,24.871965 ]
    },
    "properties": {
    "institution name":"烏來區衛生所",
    "tel":"2661-7200",
    "address":"新北市烏來區新烏路5段109號",
    "data_time":"2025-05-31 15:47:59",
    "district":"烏來區"
    }
  },
  {
    "type": "Feature",
    "geometry": {
       "type": "Point",
       "coordinates":  [ 121.465356,25.012172 ]
    },
    "properties": {
    "institution name":"貢寮區衛生所",
    "tel":"2490-1431",
    "address":"新北市仁愛路128號",
    "data_time":"2025-05-31 15:47:59",
    "district":"板橋區"
    }
  },
  {
    "type": "Feature",
    "geometry": {
       "type": "Point",
       "coordinates":  [ 121.440843,25.172777 ]
    },
    "properties": {
    "institution name":"淡水區衛生所",
    "tel":"2621-5620",
    "address":"新北市淡水區中山路158號",
    "data_time":"2025-05-31 15:47:59",
    "district":"淡水區"
    }
  },
  {
    "type": "Feature",
    "geometry": {
       "type": "Point",
       "coordinates":  [ 121.447684,25.177558 ]
    },
    "properties": {
    "institution name":"大忠耳鼻喉科診所",
    "tel":"2620-5188",
    "address":"新北市淡水區大忠街113巷31號1樓",
    "data_time":"2025-05-31 15:47:59",
    "district":"淡水區"
    }
  },
  {
    "type": "Feature",
    "geometry": {
       "type": "Point",
       "coordinates":  [ 121.443929,25.186922 ]
    },
    "properties": {
    "institution name":"公祥醫院",
    "tel":"2622-6551 2621-7638",
    "address":"新北市淡水區38號",
    "data_time":"2025-05-31 15:47:59",
    "district":"淡水區"
    }
  },
  {
    "type": "Feature",
    "geometry": {
       "type": "Point",
       "coordinates":  [ 121.442244,25.176271 ]
    },
    "properties": {
    "institution name":"文川耳鼻喉科診所",
    "tel":"8631-0533",
    "address":"新北市淡水區中山北路一段91號1樓",
    "data_time":"2025-05-31 15:47:59",
    "district":"淡水區"
    }
  },
  {
    "type": "Feature",
    "geometry": {
       "type": "Point",
       "coordinates":  [ 121.447856,25.177314 ]
    },
    "properties": {
    "institution name":"水碓瑞安診所",
    "tel":"2620-3669",
    "address":"新北市淡水區北新路182巷61號",
    "data_time":"2025-05-31 15:47:59",
    "district":"淡水區"
    }
  },
  {
    "type": "Feature",
    "geometry": {
       "type": "Point",
       "coordinates":  [ 121.460498,25.139534 ]
    },
    "properties": {
    "institution name":"台灣基督長老教會馬偕財團法人淡水馬偕紀念醫院",
    "tel":"2809-4661",
    "address":"新北市淡水區民生路45號",
    "data_time":"2025-05-31 15:47:59",
    "district":"淡水區"
    }
  },
  {
    "type": "Feature",
    "geometry": {
       "type": "Point",
       "coordinates":  [ 121.439079,25.189233 ]
    },
    "properties": {
    "institution name":"沐恩診所",
    "tel":"2629-9777",
    "address":"新北市淡水區濱海路一段143號1樓",
    "data_time":"2025-05-31 15:47:59",
    "district":"淡水區"
    }
  },
  {
    "type": "Feature",
    "geometry": {
       "type": "Point",
       "coordinates":  [ 121.430792,25.186634 ]
    },
    "properties": {
    "institution name":"卓訓德診所",
    "tel":"2620-2022",
    "address":"新北市淡水區新市一路一段36號",
    "data_time":"2025-05-31 15:47:59",
    "district":"淡水區"
    }
  },
  {
    "type": "Feature",
    "geometry": {
       "type": "Point",
       "coordinates":  [ 121.446564,25.183137 ]
    },
    "properties": {
    "institution name":"宜禾診所",
    "tel":"2625-9798",
    "address":"新北市淡水區新市一路三段105號",
    "data_time":"2025-05-31 15:47:59",
    "district":"淡水區"
    }
  },
  {
    "type": "Feature",
    "geometry": {
       "type": "Point",
       "coordinates":  [ 121.445878,25.171747 ]
    },
    "properties": {
    "institution name":"英專耳鼻喉科皮膚科診所",
    "tel":"8631-7678",
    "address":"新北市淡水區英專路96號",
    "data_time":"2025-05-31 15:47:59",
    "district":"淡水區"
    }
  },
  {
    "type": "Feature",
    "geometry": {
       "type": "Point",
       "coordinates":  [ 121.461096,25.136809 ]
    },
    "properties": {
    "institution name":"祐銘耳鼻喉科診所",
    "tel":"8809-5239",
    "address":"新北市淡水區民族路31號1.2樓",
    "data_time":"2025-05-31 15:47:59",
    "district":"淡水區"
    }
  },
  {
    "type": "Feature",
    "geometry": {
       "type": "Point",
       "coordinates":  [ 121.447759,25.168933 ]
    },
    "properties": {
    "institution name":"淳仁聯合診所",
    "tel":"2623-7866",
    "address":"新北市淡水區學府路35號",
    "data_time":"2025-05-31 15:47:59",
    "district":"淡水區"
    }
  },
  {
    "type": "Feature",
    "geometry": {
       "type": "Point",
       "coordinates":  [ 121.444071,25.169877 ]
    },
    "properties": {
    "institution name":"許景新耳鼻喉科診所",
    "tel":"2621-2779",
    "address":"新北市淡水區中山路17號",
    "data_time":"2025-05-31 15:47:59",
    "district":"淡水區"
    }
  },
  {
    "type": "Feature",
    "geometry": {
       "type": "Point",
       "coordinates":  [ 121.441026,25.174435 ]
    },
    "properties": {
    "institution name":"陳世芳診所",
    "tel":"2622-7467",
    "address":"新北市淡水區重建街198號",
    "data_time":"2025-05-31 15:47:59",
    "district":"淡水區"
    }
  },
  {
    "type": "Feature",
    "geometry": {
       "type": "Point",
       "coordinates":  [ 121.444379,25.16978 ]
    },
    "properties": {
    "institution name":"陳正熙診所",
    "tel":"2625-9595",
    "address":"新北市淡水區中山路30號1.2.3樓",
    "data_time":"2025-05-31 15:47:59",
    "district":"淡水區"
    }
  },
  {
    "type": "Feature",
    "geometry": {
       "type": "Point",
       "coordinates":  [ 121.444154,25.169674 ]
    },
    "properties": {
    "institution name":"黃秋陽診所",
    "tel":"2622-9596",
    "address":"新北市淡水區中山路7號",
    "data_time":"2025-05-31 15:47:59",
    "district":"淡水區"
    }
  },
  {
    "type": "Feature",
    "geometry": {
       "type": "Point",
       "coordinates":  [ 121.442393,25.176462 ]
    },
    "properties": {
    "institution name":"?眾內科診所",
    "tel":"2622-9773",
    "address":"新北市淡水區中山北路一段101號",
    "data_time":"2025-05-31 15:47:59",
    "district":"淡水區"
    }
  },
  {
    "type": "Feature",
    "geometry": {
       "type": "Point",
       "coordinates":  [ 121.450658,25.179597 ]
    },
    "properties": {
    "institution name":"劉小冰兒科診所",
    "tel":"2629-6982",
    "address":"新北市淡水區北新路175號",
    "data_time":"2025-05-31 15:47:59",
    "district":"淡水區"
    }
  },
  {
    "type": "Feature",
    "geometry": {
       "type": "Point",
       "coordinates":  [ 121.443283,25.170399 ]
    },
    "properties": {
    "institution name":"劉政耳鼻喉科",
    "tel":"2625-3428",
    "address":"新北市淡水區中山路53號",
    "data_time":"2025-05-31 15:47:59",
    "district":"淡水區"
    }
  },
  {
    "type": "Feature",
    "geometry": {
       "type": "Point",
       "coordinates":  [ 121.461642,25.135827 ]
    },
    "properties": {
    "institution name":"鴻恩診所",
    "tel":"2808-2277",
    "address":"新北市淡水區民族路50巷1號1樓",
    "data_time":"2025-05-31 15:47:59",
    "district":"淡水區"
    }
  },
  {
    "type": "Feature",
    "geometry": {
       "type": "Point",
       "coordinates":  [ 121.612643,25.000937 ]
    },
    "properties": {
    "institution name":"深坑區衛生所",
    "tel":"2662-1567",
    "address":"新北市深坑區深坑街165號",
    "data_time":"2025-05-31 15:47:59",
    "district":"深坑區"
    }
  },
  {
    "type": "Feature",
    "geometry": {
       "type": "Point",
       "coordinates":  [ 121.601714,25.003495 ]
    },
    "properties": {
    "institution name":"幼恩診所",
    "tel":"2662-5951",
    "address":"新北市深坑區北深路三段173號",
    "data_time":"2025-05-31 15:47:59",
    "district":"深坑區"
    }
  },
  {
    "type": "Feature",
    "geometry": {
       "type": "Point",
       "coordinates":  [ 121.616789,25.003331 ]
    },
    "properties": {
    "institution name":"林振得診所",
    "tel":"2.66E+07",
    "address":"新北市深坑區北深路二段106號",
    "data_time":"2025-05-31 15:47:59",
    "district":"深坑區"
    }
  },
  {
    "type": "Feature",
    "geometry": {
       "type": "Point",
       "coordinates":  [ 121.605794,25.001666 ]
    },
    "properties": {
    "institution name":"詠靜診所",
    "tel":"2662-1660",
    "address":"新北市深坑區北深路3段99號",
    "data_time":"2025-05-31 15:47:59",
    "district":"深坑區"
    }
  },
  {
    "type": "Feature",
    "geometry": {
       "type": "Point",
       "coordinates":  [ 121.620908,25.00282 ]
    },
    "properties": {
    "institution name":"麒安診所",
    "tel":"2662-0275",
    "address":"新北市深坑區埔新街41號",
    "data_time":"2025-05-31 15:47:59",
    "district":"深坑區"
    }
  },
  {
    "type": "Feature",
    "geometry": {
       "type": "Point",
       "coordinates":  [ 121.543015,24.967274 ]
    },
    "properties": {
    "institution name":"新店區衛生所",
    "tel":"2911-3984",
    "address":"新北市新店區北新路１段８８巷１１號",
    "data_time":"2025-05-31 15:47:59",
    "district":"新店區"
    }
  },
  {
    "type": "Feature",
    "geometry": {
       "type": "Point",
       "coordinates":  [ 121.534639,24.977382 ]
    },
    "properties": {
    "institution name":"仁佑診所",
    "tel":"2219-0567",
    "address":"新北市新店區中正路396號",
    "data_time":"2025-05-31 15:47:59",
    "district":"新店區"
    }
  },
  {
    "type": "Feature",
    "geometry": {
       "type": "Point",
       "coordinates":  [ 121.540692,24.976099 ]
    },
    "properties": {
    "institution name":"文玉小兒科",
    "tel":"2910-4898",
    "address":"新北市新店區國豐里建國路70號1樓",
    "data_time":"2025-05-31 15:47:59",
    "district":"新店區"
    }
  },
  {
    "type": "Feature",
    "geometry": {
       "type": "Point",
       "coordinates":  [ 121.541189,24.966362 ]
    },
    "properties": {
    "institution name":"王慶祥小兒科診所",
    "tel":"2910-6485",
    "address":"新北市新店區中興里北新路一段56號",
    "data_time":"2025-05-31 15:47:59",
    "district":"新店區"
    }
  },
  {
    "type": "Feature",
    "geometry": {
       "type": "Point",
       "coordinates":  [ 121.494551,24.95042 ]
    },
    "properties": {
    "institution name":"加加小兒科",
    "tel":"2210-4948",
    "address":"新北市新店區玫瑰里玫瑰路14號",
    "data_time":"2025-05-31 15:47:59",
    "district":"新店區"
    }
  },
  {
    "type": "Feature",
    "geometry": {
       "type": "Point",
       "coordinates":  [ 121.512979,24.962572 ]
    },
    "properties": {
    "institution name":"幼安小兒科",
    "tel":"8666-0909",
    "address":"新北市新店區公崙里安康路二段99號",
    "data_time":"2025-05-31 15:47:59",
    "district":"新店區"
    }
  },
  {
    "type": "Feature",
    "geometry": {
       "type": "Point",
       "coordinates":  [ 121.523414,24.979653 ]
    },
    "properties": {
    "institution name":"全康診所",
    "tel":"8218-0607",
    "address":"新北市新店區中山里溪園路383號",
    "data_time":"2025-05-31 15:47:59",
    "district":"新店區"
    }
  },
  {
    "type": "Feature",
    "geometry": {
       "type": "Point",
       "coordinates":  [ 121.537745,24.982766 ]
    },
    "properties": {
    "institution name":"同仁醫院",
    "tel":"2917-0201#107",
    "address":"新北市新店區江陵里民權路89號",
    "data_time":"2025-05-31 15:47:59",
    "district":"新店區"
    }
  },
  {
    "type": "Feature",
    "geometry": {
       "type": "Point",
       "coordinates":  [ 121.548221,24.95143 ]
    },
    "properties": {
    "institution name":"安立診所",
    "tel":"2217-7669",
    "address":"新北市新店區北宜路二段28號",
    "data_time":"2025-05-31 15:47:59",
    "district":"新店區"
    }
  },
  {
    "type": "Feature",
    "geometry": {
       "type": "Point",
       "coordinates":  [ 121.542058,24.971418 ]
    },
    "properties": {
    "institution name":"安倍診所",
    "tel":"8911-9181",
    "address":"新北市新店區中正路132號",
    "data_time":"2025-05-31 15:47:59",
    "district":"新店區"
    }
  },
  {
    "type": "Feature",
    "geometry": {
       "type": "Point",
       "coordinates":  [ 121.483997,24.950911 ]
    },
    "properties": {
    "institution name":"佑康聯合診所",
    "tel":"2215-3239",
    "address":"新北市新店區日興里安康路3段17號",
    "data_time":"2025-05-31 15:47:59",
    "district":"新店區"
    }
  },
  {
    "type": "Feature",
    "geometry": {
       "type": "Point",
       "coordinates":  [ 121.535807,24.98578 ]
    },
    "properties": {
    "institution name":"佛教慈濟醫療財團法人臺北慈濟醫院",
    "tel":"6628-9779#5803",
    "address":"新北市新店區建國路289號",
    "data_time":"2025-05-31 15:47:59",
    "district":"新店區"
    }
  },
  {
    "type": "Feature",
    "geometry": {
       "type": "Point",
       "coordinates":  [ 121.539869,24.97837 ]
    },
    "properties": {
    "institution name":"吳耳鼻喉科診所",
    "tel":"2915-1245",
    "address":"新北市新店區民族路61號",
    "data_time":"2025-05-31 15:47:59",
    "district":"新店區"
    }
  },
  {
    "type": "Feature",
    "geometry": {
       "type": "Point",
       "coordinates":  [ 121.512373,24.961544 ]
    },
    "properties": {
    "institution name":"呈恩診所",
    "tel":"8666-2207",
    "address":"新北市新店區公崙里安康路二段146號",
    "data_time":"2025-05-31 15:47:59",
    "district":"新店區"
    }
  },
  {
    "type": "Feature",
    "geometry": {
       "type": "Point",
       "coordinates":  [ 121.512493,24.961248 ]
    },
    "properties": {
    "institution name":"李亭鋒耳鼻喉醫院",
    "tel":"8666-0991",
    "address":"新北市新店區公崙里安康路二段123-1號",
    "data_time":"2025-05-31 15:47:59",
    "district":"新店區"
    }
  },
  {
    "type": "Feature",
    "geometry": {
       "type": "Point",
       "coordinates":  [ 121.510217,24.960962 ]
    },
    "properties": {
    "institution name":"和成診所",
    "tel":"8666-0443",
    "address":"新北市新店區安昌里安成街26號",
    "data_time":"2025-05-31 15:47:59",
    "district":"新店區"
    }
  },
  {
    "type": "Feature",
    "geometry": {
       "type": "Point",
       "coordinates":  [ 121.541538,24.971881 ]
    },
    "properties": {
    "institution name":"林建良耳鼻喉科診所",
    "tel":"2913-1313",
    "address":"新北市新店區中正路158號1樓",
    "data_time":"2025-05-31 15:47:59",
    "district":"新店區"
    }
  },
  {
    "type": "Feature",
    "geometry": {
       "type": "Point",
       "coordinates":  [ 121.493433,24.953286 ]
    },
    "properties": {
    "institution name":"林逢慶診所",
    "tel":"2215-6150",
    "address":"新北市新店區雙城里安康路三段21號",
    "data_time":"2025-05-31 15:47:59",
    "district":"新店區"
    }
  },
  {
    "type": "Feature",
    "geometry": {
       "type": "Point",
       "coordinates":  [ 121.516621,24.985558 ]
    },
    "properties": {
    "institution name":"欣和診所",
    "tel":"2940-1103",
    "address":"新北市新店區安和路三段151號",
    "data_time":"2025-05-31 15:47:59",
    "district":"新店區"
    }
  },
  {
    "type": "Feature",
    "geometry": {
       "type": "Point",
       "coordinates":  [ 121.537801,24.981459 ]
    },
    "properties": {
    "institution name":"邱?凱小兒科診所",
    "tel":"2913-0360",
    "address":"新北市新店區江陵里建國路226號",
    "data_time":"2025-05-31 15:47:59",
    "district":"新店區"
    }
  },
  {
    "type": "Feature",
    "geometry": {
       "type": "Point",
       "coordinates":  [ 121.548628,24.980359 ]
    },
    "properties": {
    "institution name":"恩康診所",
    "tel":"2910-3051",
    "address":"新北市新店區寶中路88號3樓",
    "data_time":"2025-05-31 15:47:59",
    "district":"新店區"
    }
  },
  {
    "type": "Feature",
    "geometry": {
       "type": "Point",
       "coordinates":  [ 121.504536,24.953976 ]
    },
    "properties": {
    "institution name":"耕莘醫院(安康)",
    "tel":"2212-3066",
    "address":"新北市新店區德安里車子路15號",
    "data_time":"2025-05-31 15:47:59",
    "district":"新店區"
    }
  },
  {
    "type": "Feature",
    "geometry": {
       "type": "Point",
       "coordinates":  [ 121.535618,24.976083 ]
    },
    "properties": {
    "institution name":"耕莘醫院(新店)",
    "tel":"2219-3391#66132",
    "address":"新北市新店區百合里中正路362號",
    "data_time":"2025-05-31 15:47:59",
    "district":"新店區"
    }
  },
  {
    "type": "Feature",
    "geometry": {
       "type": "Point",
       "coordinates":  [ 121.509971,24.961213 ]
    },
    "properties": {
    "institution name":"高兒科診所",
    "tel":"2212-1545",
    "address":"新北市新店區安昌里安成街38號",
    "data_time":"2025-05-31 15:47:59",
    "district":"新店區"
    }
  },
  {
    "type": "Feature",
    "geometry": {
       "type": "Point",
       "coordinates":  [ 121.543055,24.976791 ]
    },
    "properties": {
    "institution name":"國城診所",
    "tel":"2917-5941",
    "address":"新北市新店區北新路二段200號2.3F",
    "data_time":"2025-05-31 15:47:59",
    "district":"新店區"
    }
  },
  {
    "type": "Feature",
    "geometry": {
       "type": "Point",
       "coordinates":  [ 121.54192,24.97153 ]
    },
    "properties": {
    "institution name":"康禾診所",
    "tel":"2910-9696",
    "address":"新北市新店區仁愛里中正路140號1F",
    "data_time":"2025-05-31 15:47:59",
    "district":"新店區"
    }
  },
  {
    "type": "Feature",
    "geometry": {
       "type": "Point",
       "coordinates":  [ 121.540405,24.976436 ]
    },
    "properties": {
    "institution name":"張榮宗內科診所",
    "tel":"2917-9322  2917-9565",
    "address":"新北市新店區國豐里建國路83之1號",
    "data_time":"2025-05-31 15:47:59",
    "district":"新店區"
    }
  },
  {
    "type": "Feature",
    "geometry": {
       "type": "Point",
       "coordinates":  [ 121.539201,24.973208 ]
    },
    "properties": {
    "institution name":"陳正宗診所",
    "tel":"2912-9981",
    "address":"新北市新店區中正里中正路241號",
    "data_time":"2025-05-31 15:47:59",
    "district":"新店區"
    }
  },
  {
    "type": "Feature",
    "geometry": {
       "type": "Point",
       "coordinates":  [ 121.535376,24.971845 ]
    },
    "properties": {
    "institution name":"富森診所",
    "tel":"8665-8711",
    "address":"新北市新店區百福里三民路97號",
    "data_time":"2025-05-31 15:47:59",
    "district":"新店區"
    }
  },
  {
    "type": "Feature",
    "geometry": {
       "type": "Point",
       "coordinates":  [ 121.545443,24.974866 ]
    },
    "properties": {
    "institution name":"曾俊睿小兒科診所",
    "tel":"2913-7201",
    "address":"新北市新店區寶橋路54號1樓",
    "data_time":"2025-05-31 15:47:59",
    "district":"新店區"
    }
  },
  {
    "type": "Feature",
    "geometry": {
       "type": "Point",
       "coordinates":  [ 121.535141,24.982693 ]
    },
    "properties": {
    "institution name":"逸守診所",
    "tel":"2218-6333",
    "address":"新北市新店區江陵里民權路131號5樓",
    "data_time":"2025-05-31 15:47:59",
    "district":"新店區"
    }
  },
  {
    "type": "Feature",
    "geometry": {
       "type": "Point",
       "coordinates":  [ 121.535141,24.982693 ]
    },
    "properties": {
    "institution name":"逸安診所",
    "tel":"2219-8333",
    "address":"新北市新店區江陵里民權路131號4樓",
    "data_time":"2025-05-31 15:47:59",
    "district":"新店區"
    }
  },
  {
    "type": "Feature",
    "geometry": {
       "type": "Point",
       "coordinates":  [ 121.51059,24.960593 ]
    },
    "properties": {
    "institution name":"雁秋診所",
    "tel":"2212-1461",
    "address":"新北市新店區安昌里安成街10號",
    "data_time":"2025-05-31 15:47:59",
    "district":"新店區"
    }
  },
  {
    "type": "Feature",
    "geometry": {
       "type": "Point",
       "coordinates":  [ 121.499651,24.955541 ]
    },
    "properties": {
    "institution name":"新北仁康",
    "tel":"2215-2345 ",
    "address":"新北市新店區安康路二段323號",
    "data_time":"2025-05-31 15:47:59",
    "district":"新店區"
    }
  },
  {
    "type": "Feature",
    "geometry": {
       "type": "Point",
       "coordinates":  [ 121.54192,24.97153 ]
    },
    "properties": {
    "institution name":"瑞安耳鼻喉科診所",
    "tel":"2910-9696",
    "address":"新北市新店區仁愛里中正路140號",
    "data_time":"2025-05-31 15:47:59",
    "district":"新店區"
    }
  },
  {
    "type": "Feature",
    "geometry": {
       "type": "Point",
       "coordinates":  [ 121.541887,24.981201 ]
    },
    "properties": {
    "institution name":"聖康診所",
    "tel":"8665-5858",
    "address":"新北市新店區北新路三段104號1樓",
    "data_time":"2025-05-31 15:47:59",
    "district":"新店區"
    }
  },
  {
    "type": "Feature",
    "geometry": {
       "type": "Point",
       "coordinates":  [ 121.543294,24.973393 ]
    },
    "properties": {
    "institution name":"聖新診所",
    "tel":"2913-1415",
    "address":"新北市新店區張北里寶橋路4號",
    "data_time":"2025-05-31 15:47:59",
    "district":"新店區"
    }
  },
  {
    "type": "Feature",
    "geometry": {
       "type": "Point",
       "coordinates":  [ 121.54192,24.97153 ]
    },
    "properties": {
    "institution name":"睿安診所",
    "tel":"2910-9696",
    "address":"新北市新店區仁愛里中正路140號1樓",
    "data_time":"2025-05-31 15:47:59",
    "district":"新店區"
    }
  },
  {
    "type": "Feature",
    "geometry": {
       "type": "Point",
       "coordinates":  [ 121.537805,24.959062 ]
    },
    "properties": {
    "institution name":"碧潭診所",
    "tel":"2911-6698",
    "address":"新北市新店區張南里北新路一段21號",
    "data_time":"2025-05-31 15:47:59",
    "district":"新店區"
    }
  },
  {
    "type": "Feature",
    "geometry": {
       "type": "Point",
       "coordinates":  [ 121.539975,24.973422 ]
    },
    "properties": {
    "institution name":"維霖內科診所",
    "tel":"8914-7799",
    "address":"新北市新店區仁愛里建國路6-1號",
    "data_time":"2025-05-31 15:47:59",
    "district":"新店區"
    }
  },
  {
    "type": "Feature",
    "geometry": {
       "type": "Point",
       "coordinates":  [ 121.545384,24.969696 ]
    },
    "properties": {
    "institution name":"劉建梅",
    "tel":"2912-4106",
    "address":"新北市新店區張北里中正路20號",
    "data_time":"2025-05-31 15:47:59",
    "district":"新店區"
    }
  },
  {
    "type": "Feature",
    "geometry": {
       "type": "Point",
       "coordinates":  [ 121.51157,24.963241 ]
    },
    "properties": {
    "institution name":"豐榮醫院",
    "tel":"2212-2111",
    "address":"新北市新店區安德街26巷3號",
    "data_time":"2025-05-31 15:47:59",
    "district":"新店區"
    }
  },
  {
    "type": "Feature",
    "geometry": {
       "type": "Point",
       "coordinates":  [ 121.535058,24.972335 ]
    },
    "properties": {
    "institution name":"耀程耳鼻喉科診所",
    "tel":"2917-1110",
    "address":"新北市新店區三民路66號1樓",
    "data_time":"2025-05-31 15:47:59",
    "district":"新店區"
    }
  },
  {
    "type": "Feature",
    "geometry": {
       "type": "Point",
       "coordinates":  [ 121.539954,24.973386 ]
    },
    "properties": {
    "institution name":"蘇景傑診所",
    "tel":"8665-7771",
    "address":"新北市新店區建國路6號",
    "data_time":"2025-05-31 15:47:59",
    "district":"新店區"
    }
  },
  {
    "type": "Feature",
    "geometry": {
       "type": "Point",
       "coordinates":  [ 121.510083,24.961098 ]
    },
    "properties": {
    "institution name":"護康診所",
    "tel":"8666-3366",
    "address":"新北市新店區安昌里安成街32號",
    "data_time":"2025-05-31 15:47:59",
    "district":"新店區"
    }
  },
  {
    "type": "Feature",
    "geometry": {
       "type": "Point",
       "coordinates":  [ 121.452247,25.036409 ]
    },
    "properties": {
    "institution name":"新莊區衛生所",
    "tel":"2996-7123",
    "address":"新北市新莊區中華路一段2號",
    "data_time":"2025-05-31 15:47:59",
    "district":"新莊區"
    }
  },
  {
    "type": "Feature",
    "geometry": {
       "type": "Point",
       "coordinates":  [ 121.451168,25.035755 ]
    },
    "properties": {
    "institution name":"大順醫院",
    "tel":"2991-1726",
    "address":"新北市新莊區中正路215號",
    "data_time":"2025-05-31 15:47:59",
    "district":"新莊區"
    }
  },
  {
    "type": "Feature",
    "geometry": {
       "type": "Point",
       "coordinates":  [ 121.452436,25.044926 ]
    },
    "properties": {
    "institution name":"中心診所",
    "tel":"2276-5992",
    "address":"新北市新莊區中港路321號",
    "data_time":"2025-05-31 15:47:59",
    "district":"新莊區"
    }
  },
  {
    "type": "Feature",
    "geometry": {
       "type": "Point",
       "coordinates":  [ 121.444672,25.043713 ]
    },
    "properties": {
    "institution name":"中平耳鼻喉科",
    "tel":"2997-7307",
    "address":"新北市新莊區中平路29號",
    "data_time":"2025-05-31 15:47:59",
    "district":"新莊區"
    }
  },
  {
    "type": "Feature",
    "geometry": {
       "type": "Point",
       "coordinates":  [ 121.453143,25.046737 ]
    },
    "properties": {
    "institution name":"元程婦產科",
    "tel":"2997-3838",
    "address":"新北市新莊區中華路二段47號",
    "data_time":"2025-05-31 15:47:59",
    "district":"新莊區"
    }
  },
  {
    "type": "Feature",
    "geometry": {
       "type": "Point",
       "coordinates":  [ 121.449436,25.039396 ]
    },
    "properties": {
    "institution name":"公園診所",
    "tel":"2994-3101",
    "address":"新北市新莊區公園路58號",
    "data_time":"2025-05-31 15:47:59",
    "district":"新莊區"
    }
  },
  {
    "type": "Feature",
    "geometry": {
       "type": "Point",
       "coordinates":  [ 121.451987,25.049575 ]
    },
    "properties": {
    "institution name":"天佑診所",
    "tel":"2992-4069",
    "address":"新北市新莊區幸福路670巷2弄21號",
    "data_time":"2025-05-31 15:47:59",
    "district":"新莊區"
    }
  },
  {
    "type": "Feature",
    "geometry": {
       "type": "Point",
       "coordinates":  [ 121.452086,25.049582 ]
    },
    "properties": {
    "institution name":"天給婦產科診所",
    "tel":"2.99E+07",
    "address":"新北市新莊區幸福路670巷2弄23號",
    "data_time":"2025-05-31 15:47:59",
    "district":"新莊區"
    }
  },
  {
    "type": "Feature",
    "geometry": {
       "type": "Point",
       "coordinates":  [ 121.42646,25.021774 ]
    },
    "properties": {
    "institution name":"文鼎診所",
    "tel":"2208-5068",
    "address":"新北市新莊區民安西路188巷8弄3號1樓",
    "data_time":"2025-05-31 15:47:59",
    "district":"新莊區"
    }
  },
  {
    "type": "Feature",
    "geometry": {
       "type": "Point",
       "coordinates":  [ 121.447207,25.038241 ]
    },
    "properties": {
    "institution name":"王中煌診所",
    "tel":"2276-7366",
    "address":"新北市新莊區新泰路194號",
    "data_time":"2025-05-31 15:47:59",
    "district":"新莊區"
    }
  },
  {
    "type": "Feature",
    "geometry": {
       "type": "Point",
       "coordinates":  [ 121.458821,25.049556 ]
    },
    "properties": {
    "institution name":"王建民耳鼻喉科診所",
    "tel":"2990-7055",
    "address":"新北市新莊區幸福路26號",
    "data_time":"2025-05-31 15:47:59",
    "district":"新莊區"
    }
  },
  {
    "type": "Feature",
    "geometry": {
       "type": "Point",
       "coordinates":  [ 121.447278,25.049407 ]
    },
    "properties": {
    "institution name":"王榮文小兒科",
    "tel":"8991-5595",
    "address":"新北市新莊區中和街149號",
    "data_time":"2025-05-31 15:47:59",
    "district":"新莊區"
    }
  },
  {
    "type": "Feature",
    "geometry": {
       "type": "Point",
       "coordinates":  [ 121.459622,25.043241 ]
    },
    "properties": {
    "institution name":"台北醫院",
    "tel":"2276-5566分機2661",
    "address":"新北市新莊區思源路127號",
    "data_time":"2025-05-31 15:47:59",
    "district":"新莊區"
    }
  },
  {
    "type": "Feature",
    "geometry": {
       "type": "Point",
       "coordinates":  [ 121.446864,25.036754 ]
    },
    "properties": {
    "institution name":"巧兒親子診所",
    "tel":"2277-9263",
    "address":"新北市新莊區建中街92號",
    "data_time":"2025-05-31 15:47:59",
    "district":"新莊區"
    }
  },
  {
    "type": "Feature",
    "geometry": {
       "type": "Point",
       "coordinates":  [ 121.449431,25.03392 ]
    },
    "properties": {
    "institution name":"弘久診所",
    "tel":"2204-0904",
    "address":"新北市新莊區新泰路57號",
    "data_time":"2025-05-31 15:47:59",
    "district":"新莊區"
    }
  },
  {
    "type": "Feature",
    "geometry": {
       "type": "Point",
       "coordinates":  [ 121.448665,25.04295 ]
    },
    "properties": {
    "institution name":"禾欣診所",
    "tel":"8991-1091",
    "address":"新北市新莊區復興路一段91號",
    "data_time":"2025-05-31 15:47:59",
    "district":"新莊區"
    }
  },
  {
    "type": "Feature",
    "geometry": {
       "type": "Point",
       "coordinates":  [ 121.425561,25.022699 ]
    },
    "properties": {
    "institution name":"禾新耳鼻喉科",
    "tel":"2207-1315",
    "address":"新北市新莊區八德街3號",
    "data_time":"2025-05-31 15:47:59",
    "district":"新莊區"
    }
  },
  {
    "type": "Feature",
    "geometry": {
       "type": "Point",
       "coordinates":  [ 121.457777,25.051718 ]
    },
    "properties": {
    "institution name":"立安耳鼻喉科",
    "tel":"2993-3885",
    "address":"新北市新莊區福壽街134號",
    "data_time":"2025-05-31 15:47:59",
    "district":"新莊區"
    }
  },
  {
    "type": "Feature",
    "geometry": {
       "type": "Point",
       "coordinates":  [ 121.425561,25.022699 ]
    },
    "properties": {
    "institution name":"合新診所",
    "tel":"2207-1315",
    "address":"新北市新莊區八德街3號",
    "data_time":"2025-05-31 15:47:59",
    "district":"新莊區"
    }
  },
  {
    "type": "Feature",
    "geometry": {
       "type": "Point",
       "coordinates":  [ 121.452793,25.045263 ]
    },
    "properties": {
    "institution name":"安庚內科",
    "tel":"2277-9000",
    "address":"新北市新莊區中安街1號1樓",
    "data_time":"2025-05-31 15:47:59",
    "district":"新莊區"
    }
  },
  {
    "type": "Feature",
    "geometry": {
       "type": "Point",
       "coordinates":  [ 121.458503,25.037556 ]
    },
    "properties": {
    "institution name":"安新診所",
    "tel":"8993-1172",
    "address":"新北市新莊區中正路145之22號",
    "data_time":"2025-05-31 15:47:59",
    "district":"新莊區"
    }
  },
  {
    "type": "Feature",
    "geometry": {
       "type": "Point",
       "coordinates":  [ 121.458057,25.045544 ]
    },
    "properties": {
    "institution name":"自立診所",
    "tel":"8992-5770",
    "address":"新北市新莊區自立街231號",
    "data_time":"2025-05-31 15:47:59",
    "district":"新莊區"
    }
  },
  {
    "type": "Feature",
    "geometry": {
       "type": "Point",
       "coordinates":  [ 121.417353,25.020892 ]
    },
    "properties": {
    "institution name":"至祥診所",
    "tel":"2904-7700",
    "address":"新北市新莊區龍安路78號",
    "data_time":"2025-05-31 15:47:59",
    "district":"新莊區"
    }
  },
  {
    "type": "Feature",
    "geometry": {
       "type": "Point",
       "coordinates":  [ 121.449431,25.03392 ]
    },
    "properties": {
    "institution name":"宏久診所",
    "tel":"2204-0904",
    "address":"新北市新莊區新泰路57號",
    "data_time":"2025-05-31 15:47:59",
    "district":"新莊區"
    }
  },
  {
    "type": "Feature",
    "geometry": {
       "type": "Point",
       "coordinates":  [ 121.417938,25.02629 ]
    },
    "properties": {
    "institution name":"宏祐診所",
    "tel":"2907-2150",
    "address":"新北市新莊區中正路879之3號",
    "data_time":"2025-05-31 15:47:59",
    "district":"新莊區"
    }
  },
  {
    "type": "Feature",
    "geometry": {
       "type": "Point",
       "coordinates":  [ 121.455647,25.049281 ]
    },
    "properties": {
    "institution name":"志安診所",
    "tel":"2276-9455",
    "address":"新北市新莊區幸福路521號",
    "data_time":"2025-05-31 15:47:59",
    "district":"新莊區"
    }
  },
  {
    "type": "Feature",
    "geometry": {
       "type": "Point",
       "coordinates":  [ 121.424745,25.02435 ]
    },
    "properties": {
    "institution name":"志銘小兒科診所",
    "tel":"2206-8999",
    "address":"新北市新莊區富國路200號1樓",
    "data_time":"2025-05-31 15:47:59",
    "district":"新莊區"
    }
  },
  {
    "type": "Feature",
    "geometry": {
       "type": "Point",
       "coordinates":  [ 121.426305,25.02409 ]
    },
    "properties": {
    "institution name":"杏原診所",
    "tel":"2206-0223",
    "address":"新北市新莊區建安街113、115號",
    "data_time":"2025-05-31 15:47:59",
    "district":"新莊區"
    }
  },
  {
    "type": "Feature",
    "geometry": {
       "type": "Point",
       "coordinates":  [ 121.449261,25.034846 ]
    },
    "properties": {
    "institution name":"佳泰診所",
    "tel":"2994-5902",
    "address":"新北市新莊區新泰路62號",
    "data_time":"2025-05-31 15:47:59",
    "district":"新莊區"
    }
  },
  {
    "type": "Feature",
    "geometry": {
       "type": "Point",
       "coordinates":  [ 121.425561,25.022699 ]
    },
    "properties": {
    "institution name":"和新診所",
    "tel":"2207-1315",
    "address":"新北市新莊區八德街3號",
    "data_time":"2025-05-31 15:47:59",
    "district":"新莊區"
    }
  },
  {
    "type": "Feature",
    "geometry": {
       "type": "Point",
       "coordinates":  [ 121.449206,25.049072 ]
    },
    "properties": {
    "institution name":"幸福小兒科",
    "tel":"2991-9474",
    "address":"新北市新莊區幸福路729號",
    "data_time":"2025-05-31 15:47:59",
    "district":"新莊區"
    }
  },
  {
    "type": "Feature",
    "geometry": {
       "type": "Point",
       "coordinates":  [ 121.455436,25.049276 ]
    },
    "properties": {
    "institution name":"幸福呂耳鼻喉科",
    "tel":"2990-6923",
    "address":"新北市新莊區幸福路529號",
    "data_time":"2025-05-31 15:47:59",
    "district":"新莊區"
    }
  },
  {
    "type": "Feature",
    "geometry": {
       "type": "Point",
       "coordinates":  [ 121.455026,25.052361 ]
    },
    "properties": {
    "institution name":"昌明耳鼻喉科",
    "tel":"8992-0100",
    "address":"新北市新莊區昌明街80號",
    "data_time":"2025-05-31 15:47:59",
    "district":"新莊區"
    }
  },
  {
    "type": "Feature",
    "geometry": {
       "type": "Point",
       "coordinates":  [ 121.426423,25.024159 ]
    },
    "properties": {
    "institution name":"明新診所",
    "tel":"2204-3466",
    "address":"新北市新莊區建安街109號",
    "data_time":"2025-05-31 15:47:59",
    "district":"新莊區"
    }
  },
  {
    "type": "Feature",
    "geometry": {
       "type": "Point",
       "coordinates":  [ 121.426062,25.01465 ]
    },
    "properties": {
    "institution name":"林定參診所",
    "tel":"2207-0390",
    "address":"新北市新莊區民安西路211號",
    "data_time":"2025-05-31 15:47:59",
    "district":"新莊區"
    }
  },
  {
    "type": "Feature",
    "geometry": {
       "type": "Point",
       "coordinates":  [ 121.42598,25.022591 ]
    },
    "properties": {
    "institution name":"林復森耳鼻喉科",
    "tel":"2201-1378",
    "address":"新北市新莊區民安路220號",
    "data_time":"2025-05-31 15:47:59",
    "district":"新莊區"
    }
  },
  {
    "type": "Feature",
    "geometry": {
       "type": "Point",
       "coordinates":  [ 121.455225,25.054541 ]
    },
    "properties": {
    "institution name":"果仁小兒科",
    "tel":"8522-5828",
    "address":"新北市新莊區中原路146號",
    "data_time":"2025-05-31 15:47:59",
    "district":"新莊區"
    }
  },
  {
    "type": "Feature",
    "geometry": {
       "type": "Point",
       "coordinates":  [ 121.425246,25.024046 ]
    },
    "properties": {
    "institution name":"邱欽斌小兒科診所",
    "tel":"2205-0717",
    "address":"新北市新莊區民安路141號",
    "data_time":"2025-05-31 15:47:59",
    "district":"新莊區"
    }
  },
  {
    "type": "Feature",
    "geometry": {
       "type": "Point",
       "coordinates":  [ 121.444859,25.043983 ]
    },
    "properties": {
    "institution name":"青青診所",
    "tel":"2998-0055",
    "address":"新北市新莊區中平路50號",
    "data_time":"2025-05-31 15:47:59",
    "district":"新莊區"
    }
  },
  {
    "type": "Feature",
    "geometry": {
       "type": "Point",
       "coordinates":  [ 121.451346,25.048119 ]
    },
    "properties": {
    "institution name":"建嘉小兒診所",
    "tel":"2992-5105",
    "address":"新北市新莊區中誠街40號",
    "data_time":"2025-05-31 15:47:59",
    "district":"新莊區"
    }
  },
  {
    "type": "Feature",
    "geometry": {
       "type": "Point",
       "coordinates":  [ 121.460208,25.043831 ]
    },
    "properties": {
    "institution name":"思原內科診所",
    "tel":"2997-0615",
    "address":"新北市新莊區思源路48號2樓",
    "data_time":"2025-05-31 15:47:59",
    "district":"新莊區"
    }
  },
  {
    "type": "Feature",
    "geometry": {
       "type": "Point",
       "coordinates":  [ 121.45672,25.045395 ]
    },
    "properties": {
    "institution name":"思賢診所",
    "tel":"2992-3806",
    "address":"新北市新莊區自立街200號",
    "data_time":"2025-05-31 15:47:59",
    "district":"新莊區"
    }
  },
  {
    "type": "Feature",
    "geometry": {
       "type": "Point",
       "coordinates":  [ 121.422152,25.019188 ]
    },
    "properties": {
    "institution name":"春詠診所",
    "tel":"2203-3355",
    "address":"新北市新莊區龍安路278巷2號",
    "data_time":"2025-05-31 15:47:59",
    "district":"新莊區"
    }
  },
  {
    "type": "Feature",
    "geometry": {
       "type": "Point",
       "coordinates":  [ 121.458185,25.049428 ]
    },
    "properties": {
    "institution name":"家貞診所",
    "tel":"2994-2300",
    "address":"新北市新莊區福壽街67號",
    "data_time":"2025-05-31 15:47:59",
    "district":"新莊區"
    }
  },
  {
    "type": "Feature",
    "geometry": {
       "type": "Point",
       "coordinates":  [ 121.458185,25.049428 ]
    },
    "properties": {
    "institution name":"家慈診所",
    "tel":"2994-2300",
    "address":"新北市新莊區福壽街67號",
    "data_time":"2025-05-31 15:47:59",
    "district":"新莊區"
    }
  },
  {
    "type": "Feature",
    "geometry": {
       "type": "Point",
       "coordinates":  [ 121.458185,25.049428 ]
    },
    "properties": {
    "institution name":"家福診所",
    "tel":"2994-2300",
    "address":"新北市新莊區福壽街67號",
    "data_time":"2025-05-31 15:47:59",
    "district":"新莊區"
    }
  },
  {
    "type": "Feature",
    "geometry": {
       "type": "Point",
       "coordinates":  [ 121.426185,25.026506 ]
    },
    "properties": {
    "institution name":"恩典診所",
    "tel":"2207-2001",
    "address":"新北市新莊區後港一路55號1樓",
    "data_time":"2025-05-31 15:47:59",
    "district":"新莊區"
    }
  },
  {
    "type": "Feature",
    "geometry": {
       "type": "Point",
       "coordinates":  [ 121.417777,25.026897 ]
    },
    "properties": {
    "institution name":"晉安診所",
    "tel":"2906-1510",
    "address":"新北市新莊區中正路700之24號",
    "data_time":"2025-05-31 15:47:59",
    "district":"新莊區"
    }
  },
  {
    "type": "Feature",
    "geometry": {
       "type": "Point",
       "coordinates":  [ 121.455215,25.040087 ]
    },
    "properties": {
    "institution name":"益民醫院",
    "tel":"8991-1050＃201",
    "address":"新北市新莊區中港路127號",
    "data_time":"2025-05-31 15:47:59",
    "district":"新莊區"
    }
  },
  {
    "type": "Feature",
    "geometry": {
       "type": "Point",
       "coordinates":  [ 121.427047,25.021358 ]
    },
    "properties": {
    "institution name":"祐幼小兒科",
    "tel":"2203-0993",
    "address":"新北市新莊區民安西路21號",
    "data_time":"2025-05-31 15:47:59",
    "district":"新莊區"
    }
  },
  {
    "type": "Feature",
    "geometry": {
       "type": "Point",
       "coordinates":  [ 121.414759,25.029744 ]
    },
    "properties": {
    "institution name":"軒禾診所",
    "tel":"2906-6999",
    "address":"新北市新莊區天祥街114號",
    "data_time":"2025-05-31 15:47:59",
    "district":"新莊區"
    }
  },
  {
    "type": "Feature",
    "geometry": {
       "type": "Point",
       "coordinates":  [ 121.418439,25.026587 ]
    },
    "properties": {
    "institution name":"軒琪耳鼻喉科",
    "tel":"2907-2366",
    "address":"新北市新莊區富國路15號",
    "data_time":"2025-05-31 15:47:59",
    "district":"新莊區"
    }
  },
  {
    "type": "Feature",
    "geometry": {
       "type": "Point",
       "coordinates":  [ 121.454683,25.052979 ]
    },
    "properties": {
    "institution name":"健佑診所",
    "tel":"2990-0713",
    "address":"新北市新莊區昌平街55號",
    "data_time":"2025-05-31 15:47:59",
    "district":"新莊區"
    }
  },
  {
    "type": "Feature",
    "geometry": {
       "type": "Point",
       "coordinates":  [ 121.4188,25.026479 ]
    },
    "properties": {
    "institution name":"康熙診所",
    "tel":"2903-1028",
    "address":"新北市新莊區富國路27號",
    "data_time":"2025-05-31 15:47:59",
    "district":"新莊區"
    }
  },
  {
    "type": "Feature",
    "geometry": {
       "type": "Point",
       "coordinates":  [ 121.446797,25.052856 ]
    },
    "properties": {
    "institution name":"張博堯診所",
    "tel":"2998-6665",
    "address":"新北市新莊區中榮街116號",
    "data_time":"2025-05-31 15:47:59",
    "district":"新莊區"
    }
  },
  {
    "type": "Feature",
    "geometry": {
       "type": "Point",
       "coordinates":  [ 121.427816,25.026831 ]
    },
    "properties": {
    "institution name":"陳世昌婦產科",
    "tel":"2206-6020",
    "address":"新北市新莊區後港一路98號、100號",
    "data_time":"2025-05-31 15:47:59",
    "district":"新莊區"
    }
  },
  {
    "type": "Feature",
    "geometry": {
       "type": "Point",
       "coordinates":  [ 121.453428,25.049198 ]
    },
    "properties": {
    "institution name":"陳鼎輔診所",
    "tel":"2998-8528",
    "address":"新北市新莊區幸福路595號",
    "data_time":"2025-05-31 15:47:59",
    "district":"新莊區"
    }
  },
  {
    "type": "Feature",
    "geometry": {
       "type": "Point",
       "coordinates":  [ 121.447499,25.037004 ]
    },
    "properties": {
    "institution name":"惠欣婦產科小兒科",
    "tel":"2990-2299",
    "address":"新北市新莊區建中街72之1號",
    "data_time":"2025-05-31 15:47:59",
    "district":"新莊區"
    }
  },
  {
    "type": "Feature",
    "geometry": {
       "type": "Point",
       "coordinates":  [ 121.424932,25.018564 ]
    },
    "properties": {
    "institution name":"隆安診所",
    "tel":"2205-6955",
    "address":"新北市新莊區龍安路465號",
    "data_time":"2025-05-31 15:47:59",
    "district":"新莊區"
    }
  },
  {
    "type": "Feature",
    "geometry": {
       "type": "Point",
       "coordinates":  [ 121.445514,25.034522 ]
    },
    "properties": {
    "institution name":"新仁醫療社團法人  新仁醫院",
    "tel":"2201-7212",
    "address":"新北市新莊區中正路395號",
    "data_time":"2025-05-31 15:47:59",
    "district":"新莊區"
    }
  },
  {
    "type": "Feature",
    "geometry": {
       "type": "Point",
       "coordinates":  [ 121.457171,25.049347 ]
    },
    "properties": {
    "institution name":"新和耳鼻喉科",
    "tel":"2993-8636",
    "address":"新北市新莊區幸福路69號",
    "data_time":"2025-05-31 15:47:59",
    "district":"新莊區"
    }
  },
  {
    "type": "Feature",
    "geometry": {
       "type": "Point",
       "coordinates":  [ 121.427678,25.010792 ]
    },
    "properties": {
    "institution name":"新庚診所",
    "tel":"2207-3228",
    "address":"新北市新莊區民安西路370號",
    "data_time":"2025-05-31 15:47:59",
    "district":"新莊區"
    }
  },
  {
    "type": "Feature",
    "geometry": {
       "type": "Point",
       "coordinates":  [ 121.434313,25.021563 ]
    },
    "properties": {
    "institution name":"新泰綜合醫院",
    "tel":"2996-2121分機1600",
    "address":"新北市新莊區新樹路176號",
    "data_time":"2025-05-31 15:47:59",
    "district":"新莊區"
    }
  },
  {
    "type": "Feature",
    "geometry": {
       "type": "Point",
       "coordinates":  [ 121.449436,25.039396 ]
    },
    "properties": {
    "institution name":"新莊至善診所",
    "tel":"2994-3101",
    "address":"新北市新莊區公園路58號",
    "data_time":"2025-05-31 15:47:59",
    "district":"新莊區"
    }
  },
  {
    "type": "Feature",
    "geometry": {
       "type": "Point",
       "coordinates":  [ 121.444615,25.052533 ]
    },
    "properties": {
    "institution name":"新莊徐耳鼻喉科",
    "tel":"2990-7505",
    "address":"新北市新莊區中平路373號",
    "data_time":"2025-05-31 15:47:59",
    "district":"新莊區"
    }
  },
  {
    "type": "Feature",
    "geometry": {
       "type": "Point",
       "coordinates":  [ 121.449261,25.034846 ]
    },
    "properties": {
    "institution name":"嘉泰耳鼻喉科",
    "tel":"2994-5902",
    "address":"新北市新莊區新泰路62號",
    "data_time":"2025-05-31 15:47:59",
    "district":"新莊區"
    }
  },
  {
    "type": "Feature",
    "geometry": {
       "type": "Point",
       "coordinates":  [ 121.42268,25.019293 ]
    },
    "properties": {
    "institution name":"榜生婦產科",
    "tel":"2203-4701",
    "address":"新北市新莊區龍安路339號",
    "data_time":"2025-05-31 15:47:59",
    "district":"新莊區"
    }
  },
  {
    "type": "Feature",
    "geometry": {
       "type": "Point",
       "coordinates":  [ 121.434105,25.032936 ]
    },
    "properties": {
    "institution name":"輔大診所",
    "tel":"2905-2526#11",
    "address":"新北市新莊區中正路510號醫學大樓1樓",
    "data_time":"2025-05-31 15:47:59",
    "district":"新莊區"
    }
  },
  {
    "type": "Feature",
    "geometry": {
       "type": "Point",
       "coordinates":  [ 121.446823,25.049017 ]
    },
    "properties": {
    "institution name":"廣田耳鼻喉科",
    "tel":"2990-6799",
    "address":"新北市新莊區幸福路777號1樓",
    "data_time":"2025-05-31 15:47:59",
    "district":"新莊區"
    }
  },
  {
    "type": "Feature",
    "geometry": {
       "type": "Point",
       "coordinates":  [ 121.449577,25.033145 ]
    },
    "properties": {
    "institution name":"德安婦產科",
    "tel":"2201-0706",
    "address":"新北市新莊區新泰路31號",
    "data_time":"2025-05-31 15:47:59",
    "district":"新莊區"
    }
  },
  {
    "type": "Feature",
    "geometry": {
       "type": "Point",
       "coordinates":  [ 121.409851,25.021621 ]
    },
    "properties": {
    "institution name":"樂生療養院",
    "tel":"8200-6600#2133",
    "address":"新北市新莊區中正路794號",
    "data_time":"2025-05-31 15:47:59",
    "district":"新莊區"
    }
  },
  {
    "type": "Feature",
    "geometry": {
       "type": "Point",
       "coordinates":  [ 121.426334,25.01812 ]
    },
    "properties": {
    "institution name":"樂樂診所",
    "tel":"2207-0777",
    "address":"新北市新莊區龍安路507號",
    "data_time":"2025-05-31 15:47:59",
    "district":"新莊區"
    }
  },
  {
    "type": "Feature",
    "geometry": {
       "type": "Point",
       "coordinates":  [ 121.457789,25.037855 ]
    },
    "properties": {
    "institution name":"樂寶兒婦幼診所",
    "tel":"2990-1122",
    "address":"新北市新莊區中正路82之1號",
    "data_time":"2025-05-31 15:47:59",
    "district":"新莊區"
    }
  },
  {
    "type": "Feature",
    "geometry": {
       "type": "Point",
       "coordinates":  [ 121.42808,25.018766 ]
    },
    "properties": {
    "institution name":"蔡鉅儒診所",
    "tel":"2205-7193",
    "address":"新北市新莊區西盛街180號1樓",
    "data_time":"2025-05-31 15:47:59",
    "district":"新莊區"
    }
  },
  {
    "type": "Feature",
    "geometry": {
       "type": "Point",
       "coordinates":  [ 121.453693,25.043385 ]
    },
    "properties": {
    "institution name":"鄭骨科耳鼻喉科",
    "tel":"2992-9191",
    "address":"新北市新莊區中港路263號",
    "data_time":"2025-05-31 15:47:59",
    "district":"新莊區"
    }
  },
  {
    "type": "Feature",
    "geometry": {
       "type": "Point",
       "coordinates":  [ 121.426173,25.022614 ]
    },
    "properties": {
    "institution name":"錦明耳鼻喉科",
    "tel":"2202-8080",
    "address":"新北市新莊區民安路195號",
    "data_time":"2025-05-31 15:47:59",
    "district":"新莊區"
    }
  },
  {
    "type": "Feature",
    "geometry": {
       "type": "Point",
       "coordinates":  [ 121.445891,25.034838 ]
    },
    "properties": {
    "institution name":"聯安診所",
    "tel":"2998-6191",
    "address":"新北市新莊區中正路330號",
    "data_time":"2025-05-31 15:47:59",
    "district":"新莊區"
    }
  },
  {
    "type": "Feature",
    "geometry": {
       "type": "Point",
       "coordinates":  [ 121.42615,25.022323 ]
    },
    "properties": {
    "institution name":"聯福診所",
    "tel":"2201-4370",
    "address":"新北市新莊區民安路232號",
    "data_time":"2025-05-31 15:47:59",
    "district":"新莊區"
    }
  },
  {
    "type": "Feature",
    "geometry": {
       "type": "Point",
       "coordinates":  [ 121.450454,25.035575 ]
    },
    "properties": {
    "institution name":"曜生婦產科",
    "tel":"2276-3535",
    "address":"新北市新莊區中正路243號",
    "data_time":"2025-05-31 15:47:59",
    "district":"新莊區"
    }
  },
  {
    "type": "Feature",
    "geometry": {
       "type": "Point",
       "coordinates":  [ 121.448376,25.035911 ]
    },
    "properties": {
    "institution name":"馥齡診所",
    "tel":"2277-6096",
    "address":"新北市新莊區新泰路117號",
    "data_time":"2025-05-31 15:47:59",
    "district":"新莊區"
    }
  },
  {
    "type": "Feature",
    "geometry": {
       "type": "Point",
       "coordinates":  [ 121.455023,25.049255 ]
    },
    "properties": {
    "institution name":"麗安診所",
    "tel":"2998-8010",
    "address":"新北市新莊區幸福路541號",
    "data_time":"2025-05-31 15:47:59",
    "district":"新莊區"
    }
  },
  {
    "type": "Feature",
    "geometry": {
       "type": "Point",
       "coordinates":  [ 121.444684,25.044412 ]
    },
    "properties": {
    "institution name":"寶祥診所",
    "tel":"2996-0303",
    "address":"新北市新莊區中平路53號",
    "data_time":"2025-05-31 15:47:59",
    "district":"新莊區"
    }
  },
  {
    "type": "Feature",
    "geometry": {
       "type": "Point",
       "coordinates":  [ 121.809043,25.10737 ]
    },
    "properties": {
    "institution name":"瑞芳區衛生所",
    "tel":"2497-2132",
    "address":"新北市瑞芳區明燈路三段1號",
    "data_time":"2025-05-31 15:47:59",
    "district":"瑞芳區"
    }
  },
  {
    "type": "Feature",
    "geometry": {
       "type": "Point",
       "coordinates":  [ 121.80771,25.107876 ]
    },
    "properties": {
    "institution name":"家康陳診所",
    "tel":"2497-1563",
    "address":"新北市瑞芳區明燈路三段36號",
    "data_time":"2025-05-31 15:47:59",
    "district":"瑞芳區"
    }
  },
  {
    "type": "Feature",
    "geometry": {
       "type": "Point",
       "coordinates":  [ 121.80538,25.108204 ]
    },
    "properties": {
    "institution name":"詠安診所",
    "tel":"2496-0683",
    "address":"新北市瑞芳區明燈路三段73號",
    "data_time":"2025-05-31 15:47:59",
    "district":"瑞芳區"
    }
  },
  {
    "type": "Feature",
    "geometry": {
       "type": "Point",
       "coordinates":  [ 121.802169,25.108602 ]
    },
    "properties": {
    "institution name":"瑞芳礦工醫院",
    "tel":"2497-4101",
    "address":"新北市瑞芳區一坑路71-2號",
    "data_time":"2025-05-31 15:47:59",
    "district":"瑞芳區"
    }
  },
  {
    "type": "Feature",
    "geometry": {
       "type": "Point",
       "coordinates":  [ 121.689712,25.178331 ]
    },
    "properties": {
    "institution name":"萬里區衛生所",
    "tel":"2492-1117",
    "address":"新北市萬里區瑪鋉路157號",
    "data_time":"2025-05-31 15:47:59",
    "district":"萬里區"
    }
  },
  {
    "type": "Feature",
    "geometry": {
       "type": "Point",
       "coordinates":  [ 121.428524,24.99614 ]
    },
    "properties": {
    "institution name":"新北市樹林區衛生所",
    "tel":"2681-2134",
    "address":"新北市樹林區保安里樹新路40-7號",
    "data_time":"2025-05-31 15:47:59",
    "district":"樹林區"
    }
  },
  {
    "type": "Feature",
    "geometry": {
       "type": "Point",
       "coordinates":  [ 121.381815,24.945838 ]
    },
    "properties": {
    "institution name":"三樹金鶯診所",
    "tel":"2680-7101",
    "address":"新北市樹林區南園里學成路600號",
    "data_time":"2025-05-31 15:47:59",
    "district":"樹林區"
    }
  },
  {
    "type": "Feature",
    "geometry": {
       "type": "Point",
       "coordinates":  [ 121.425405,24.996388 ]
    },
    "properties": {
    "institution name":"千歲小兒科診所",
    "tel":"8687-1390",
    "address":"新北市樹林區千歲街47號1樓",
    "data_time":"2025-05-31 15:47:59",
    "district":"樹林區"
    }
  },
  {
    "type": "Feature",
    "geometry": {
       "type": "Point",
       "coordinates":  [ 121.425903,24.992585 ]
    },
    "properties": {
    "institution name":"大樹診所",
    "tel":"2681-8919",
    "address":"新北市樹林區鎮前街19號",
    "data_time":"2025-05-31 15:47:59",
    "district":"樹林區"
    }
  },
  {
    "type": "Feature",
    "geometry": {
       "type": "Point",
       "coordinates":  [ 121.420039,24.987188 ]
    },
    "properties": {
    "institution name":"仁愛醫院",
    "tel":"2683-4567",
    "address":"新北市樹林區文化街9號",
    "data_time":"2025-05-31 15:47:59",
    "district":"樹林區"
    }
  },
  {
    "type": "Feature",
    "geometry": {
       "type": "Point",
       "coordinates":  [ 121.379408,24.946412 ]
    },
    "properties": {
    "institution name":"北大診所",
    "tel":"2668-9661",
    "address":"新北市樹林區柑園里學成路507號",
    "data_time":"2025-05-31 15:47:59",
    "district":"樹林區"
    }
  },
  {
    "type": "Feature",
    "geometry": {
       "type": "Point",
       "coordinates":  [ 121.4228,24.992111 ]
    },
    "properties": {
    "institution name":"立康診所",
    "tel":"2686-3898",
    "address":"新北市樹林區日新街39號",
    "data_time":"2025-05-31 15:47:59",
    "district":"樹林區"
    }
  },
  {
    "type": "Feature",
    "geometry": {
       "type": "Point",
       "coordinates":  [ 121.422718,24.992419 ]
    },
    "properties": {
    "institution name":"何廷裕小兒科",
    "tel":"2675-6789",
    "address":"新北市樹林區日新街34號",
    "data_time":"2025-05-31 15:47:59",
    "district":"樹林區"
    }
  },
  {
    "type": "Feature",
    "geometry": {
       "type": "Point",
       "coordinates":  [ 121.418076,24.988346 ]
    },
    "properties": {
    "institution name":"念生耳鼻喉科診所",
    "tel":"2675-1099",
    "address":"新北市樹林區文化街45號1樓",
    "data_time":"2025-05-31 15:47:59",
    "district":"樹林區"
    }
  },
  {
    "type": "Feature",
    "geometry": {
       "type": "Point",
       "coordinates":  [ 121.384227,24.949053 ]
    },
    "properties": {
    "institution name":"承恩診所",
    "tel":"8970-5297",
    "address":"新北市樹林區學勤路597號1樓",
    "data_time":"2025-05-31 15:47:59",
    "district":"樹林區"
    }
  },
  {
    "type": "Feature",
    "geometry": {
       "type": "Point",
       "coordinates":  [ 121.425733,24.992595 ]
    },
    "properties": {
    "institution name":"松禾診所",
    "tel":"2685-1820",
    "address":"新北市樹林區樹北里鎮前街58號2樓",
    "data_time":"2025-05-31 15:47:59",
    "district":"樹林區"
    }
  },
  {
    "type": "Feature",
    "geometry": {
       "type": "Point",
       "coordinates":  [ 121.418516,24.980745 ]
    },
    "properties": {
    "institution name":"林岳宏小兒科陳德馨皮膚科聯合診所",
    "tel":"8684-0088",
    "address":"新北市樹林區中華路241號",
    "data_time":"2025-05-31 15:47:59",
    "district":"樹林區"
    }
  },
  {
    "type": "Feature",
    "geometry": {
       "type": "Point",
       "coordinates":  [ 121.4257,24.990611 ]
    },
    "properties": {
    "institution name":"信和耳鼻喉科診所",
    "tel":"2682-2100",
    "address":"新北市樹林區博愛街178號",
    "data_time":"2025-05-31 15:47:59",
    "district":"樹林區"
    }
  },
  {
    "type": "Feature",
    "geometry": {
       "type": "Point",
       "coordinates":  [ 121.4257,24.990611 ]
    },
    "properties": {
    "institution name":"信和診所",
    "tel":"2682-2100",
    "address":"新北市樹林區博愛街178號",
    "data_time":"2025-05-31 15:47:59",
    "district":"樹林區"
    }
  },
  {
    "type": "Feature",
    "geometry": {
       "type": "Point",
       "coordinates":  [ 121.379682,24.95028 ]
    },
    "properties": {
    "institution name":"柚子小兒科診所",
    "tel":"2680-3203",
    "address":"新北市樹林區學府路362號1樓",
    "data_time":"2025-05-31 15:47:59",
    "district":"樹林區"
    }
  },
  {
    "type": "Feature",
    "geometry": {
       "type": "Point",
       "coordinates":  [ 121.427075,24.994751 ]
    },
    "properties": {
    "institution name":"柯盈賢小兒科診所",
    "tel":"2686-9185",
    "address":"新北市樹林區保安里樹新路41號",
    "data_time":"2025-05-31 15:47:59",
    "district":"樹林區"
    }
  },
  {
    "type": "Feature",
    "geometry": {
       "type": "Point",
       "coordinates":  [ 121.422588,24.994675 ]
    },
    "properties": {
    "institution name":"莊豐如診所",
    "tel":"2683-0108",
    "address":"新北市樹林區復興路18號",
    "data_time":"2025-05-31 15:47:59",
    "district":"樹林區"
    }
  },
  {
    "type": "Feature",
    "geometry": {
       "type": "Point",
       "coordinates":  [ 121.4218,24.995794 ]
    },
    "properties": {
    "institution name":"惠生保安婦幼診所",
    "tel":"8687-5678",
    "address":"新北市樹林區保安街一段190號",
    "data_time":"2025-05-31 15:47:59",
    "district":"樹林區"
    }
  },
  {
    "type": "Feature",
    "geometry": {
       "type": "Point",
       "coordinates":  [ 121.418194,24.980153 ]
    },
    "properties": {
    "institution name":"揚昇診所",
    "tel":"8686-9771",
    "address":"新北市樹林區太元街21號1樓",
    "data_time":"2025-05-31 15:47:59",
    "district":"樹林區"
    }
  },
  {
    "type": "Feature",
    "geometry": {
       "type": "Point",
       "coordinates":  [ 121.418303,24.980858 ]
    },
    "properties": {
    "institution name":"遠祺婦產科診所",
    "tel":"8686-5966",
    "address":"新北市樹林區中華路112號",
    "data_time":"2025-05-31 15:47:59",
    "district":"樹林區"
    }
  },
  {
    "type": "Feature",
    "geometry": {
       "type": "Point",
       "coordinates":  [ 121.423912,24.992526 ]
    },
    "properties": {
    "institution name":"樹林泰新診所",
    "tel":"2687-4410",
    "address":"新北市樹林區中山路一段30號",
    "data_time":"2025-05-31 15:47:59",
    "district":"樹林區"
    }
  },
  {
    "type": "Feature",
    "geometry": {
       "type": "Point",
       "coordinates":  [ 121.465356,25.012172 ]
    },
    "properties": {
    "institution name":"雙溪區衛生所",
    "tel":"2493-1211",
    "address":"新北市新基南路18號",
    "data_time":"2025-05-31 15:47:59",
    "district":"板橋區"
    }
  },
  {
    "type": "Feature",
    "geometry": {
       "type": "Point",
       "coordinates":  [ 121.465356,25.012172 ]
    },
    "properties": {
    "institution name":"蘆洲區衛生所",
    "tel":"2281-2011",
    "address":"新北市中央路58號",
    "data_time":"2025-05-31 15:47:59",
    "district":"板橋區"
    }
  },
  {
    "type": "Feature",
    "geometry": {
       "type": "Point",
       "coordinates":  [ 121.465356,25.012172 ]
    },
    "properties": {
    "institution name":"丁良文內科",
    "tel":"8282-2809",
    "address":"新北市長安街30號",
    "data_time":"2025-05-31 15:47:59",
    "district":"板橋區"
    }
  },
  {
    "type": "Feature",
    "geometry": {
       "type": "Point",
       "coordinates":  [ 121.465356,25.012172 ]
    },
    "properties": {
    "institution name":"人安診所",
    "tel":"2288-1661",
    "address":"新北市民權路133號1樓",
    "data_time":"2025-05-31 15:47:59",
    "district":"板橋區"
    }
  },
  {
    "type": "Feature",
    "geometry": {
       "type": "Point",
       "coordinates":  [ 121.465356,25.012172 ]
    },
    "properties": {
    "institution name":"上安診所",
    "tel":"2282-5101",
    "address":"新北市長榮路381號",
    "data_time":"2025-05-31 15:47:59",
    "district":"板橋區"
    }
  },
  {
    "type": "Feature",
    "geometry": {
       "type": "Point",
       "coordinates":  [ 121.465356,25.012172 ]
    },
    "properties": {
    "institution name":"大安診所",
    "tel":"8285-7182",
    "address":"新北市長安街283號",
    "data_time":"2025-05-31 15:47:59",
    "district":"板橋區"
    }
  },
  {
    "type": "Feature",
    "geometry": {
       "type": "Point",
       "coordinates":  [ 121.465356,25.012172 ]
    },
    "properties": {
    "institution name":"六福診所",
    "tel":"8285-2066",
    "address":"新北市中正路45號1樓",
    "data_time":"2025-05-31 15:47:59",
    "district":"板橋區"
    }
  },
  {
    "type": "Feature",
    "geometry": {
       "type": "Point",
       "coordinates":  [ 121.465356,25.012172 ]
    },
    "properties": {
    "institution name":"弘一診所",
    "tel":"8286-0000",
    "address":"新北市重陽街82號",
    "data_time":"2025-05-31 15:47:59",
    "district":"板橋區"
    }
  },
  {
    "type": "Feature",
    "geometry": {
       "type": "Point",
       "coordinates":  [ 121.465356,25.012172 ]
    },
    "properties": {
    "institution name":"本一診所",
    "tel":"2283-6622",
    "address":"新北市長榮路43之1號",
    "data_time":"2025-05-31 15:47:59",
    "district":"板橋區"
    }
  },
  {
    "type": "Feature",
    "geometry": {
       "type": "Point",
       "coordinates":  [ 121.465356,25.012172 ]
    },
    "properties": {
    "institution name":"民族骨科診所",
    "tel":"8252-8707",
    "address":"新北市民族路87號",
    "data_time":"2025-05-31 15:47:59",
    "district":"板橋區"
    }
  },
  {
    "type": "Feature",
    "geometry": {
       "type": "Point",
       "coordinates":  [ 121.465356,25.012172 ]
    },
    "properties": {
    "institution name":"民族診所",
    "tel":"8285-7866",
    "address":"新北市民族路53號",
    "data_time":"2025-05-31 15:47:59",
    "district":"板橋區"
    }
  },
  {
    "type": "Feature",
    "geometry": {
       "type": "Point",
       "coordinates":  [ 121.465356,25.012172 ]
    },
    "properties": {
    "institution name":"永全診所",
    "tel":"2289-0332",
    "address":"新北市中山一路241號",
    "data_time":"2025-05-31 15:47:59",
    "district":"板橋區"
    }
  },
  {
    "type": "Feature",
    "geometry": {
       "type": "Point",
       "coordinates":  [ 121.465356,25.012172 ]
    },
    "properties": {
    "institution name":"全民醫院",
    "tel":"2282-1576",
    "address":"新北市三民路7號",
    "data_time":"2025-05-31 15:47:59",
    "district":"板橋區"
    }
  },
  {
    "type": "Feature",
    "geometry": {
       "type": "Point",
       "coordinates":  [ 121.465356,25.012172 ]
    },
    "properties": {
    "institution name":"李明哲診所",
    "tel":"2288-5110",
    "address":"新北市信義路246號1樓",
    "data_time":"2025-05-31 15:47:59",
    "district":"板橋區"
    }
  },
  {
    "type": "Feature",
    "geometry": {
       "type": "Point",
       "coordinates":  [ 121.465356,25.012172 ]
    },
    "properties": {
    "institution name":"杏東診所",
    "tel":"2281-6090",
    "address":"新北市中正路9號",
    "data_time":"2025-05-31 15:47:59",
    "district":"板橋區"
    }
  },
  {
    "type": "Feature",
    "geometry": {
       "type": "Point",
       "coordinates":  [ 121.465356,25.012172 ]
    },
    "properties": {
    "institution name":"兒樂吉診所",
    "tel":"2281-2787",
    "address":"新北市民族路267號1樓",
    "data_time":"2025-05-31 15:47:59",
    "district":"板橋區"
    }
  },
  {
    "type": "Feature",
    "geometry": {
       "type": "Point",
       "coordinates":  [ 121.465356,25.012172 ]
    },
    "properties": {
    "institution name":"宜興診所",
    "tel":"8281-3008",
    "address":"新北市永樂街38巷42弄6號",
    "data_time":"2025-05-31 15:47:59",
    "district":"板橋區"
    }
  },
  {
    "type": "Feature",
    "geometry": {
       "type": "Point",
       "coordinates":  [ 121.465356,25.012172 ]
    },
    "properties": {
    "institution name":"欣宥婦產科",
    "tel":"8283-8555",
    "address":"新北市長榮路58號9樓",
    "data_time":"2025-05-31 15:47:59",
    "district":"板橋區"
    }
  },
  {
    "type": "Feature",
    "geometry": {
       "type": "Point",
       "coordinates":  [ 121.465356,25.012172 ]
    },
    "properties": {
    "institution name":"長榮耳鼻喉科",
    "tel":"2282-3350",
    "address":"新北市長榮路15號",
    "data_time":"2025-05-31 15:47:59",
    "district":"板橋區"
    }
  },
  {
    "type": "Feature",
    "geometry": {
       "type": "Point",
       "coordinates":  [ 121.465356,25.012172 ]
    },
    "properties": {
    "institution name":"俊亨婦產科",
    "tel":"2283-8077、2283-8078",
    "address":"新北市中山二路135號",
    "data_time":"2025-05-31 15:47:59",
    "district":"板橋區"
    }
  },
  {
    "type": "Feature",
    "geometry": {
       "type": "Point",
       "coordinates":  [ 121.465356,25.012172 ]
    },
    "properties": {
    "institution name":"宥生婦產科",
    "tel":"2283-5758",
    "address":"新北市三民路13-15號",
    "data_time":"2025-05-31 15:47:59",
    "district":"板橋區"
    }
  },
  {
    "type": "Feature",
    "geometry": {
       "type": "Point",
       "coordinates":  [ 121.465356,25.012172 ]
    },
    "properties": {
    "institution name":"宥宥小兒科",
    "tel":"2289-8555",
    "address":"新北市長榮路175號1樓",
    "data_time":"2025-05-31 15:47:59",
    "district":"板橋區"
    }
  },
  {
    "type": "Feature",
    "geometry": {
       "type": "Point",
       "coordinates":  [ 121.465356,25.012172 ]
    },
    "properties": {
    "institution name":"宥宥婦幼診所",
    "tel":"8283-9090",
    "address":"新北市長榮路58號",
    "data_time":"2025-05-31 15:47:59",
    "district":"板橋區"
    }
  },
  {
    "type": "Feature",
    "geometry": {
       "type": "Point",
       "coordinates":  [ 121.465356,25.012172 ]
    },
    "properties": {
    "institution name":"祐康診所",
    "tel":"8285-5805",
    "address":"新北市復興路200號1樓",
    "data_time":"2025-05-31 15:47:59",
    "district":"板橋區"
    }
  },
  {
    "type": "Feature",
    "geometry": {
       "type": "Point",
       "coordinates":  [ 121.465356,25.012172 ]
    },
    "properties": {
    "institution name":"許修平診所",
    "tel":"2288-1202",
    "address":"新北市長安街290號",
    "data_time":"2025-05-31 15:47:59",
    "district":"板橋區"
    }
  },
  {
    "type": "Feature",
    "geometry": {
       "type": "Point",
       "coordinates":  [ 121.465356,25.012172 ]
    },
    "properties": {
    "institution name":"湯瑪士親子兒科診所",
    "tel":"2288-5523",
    "address":"新北市民族路377號",
    "data_time":"2025-05-31 15:47:59",
    "district":"板橋區"
    }
  },
  {
    "type": "Feature",
    "geometry": {
       "type": "Point",
       "coordinates":  [ 121.465356,25.012172 ]
    },
    "properties": {
    "institution name":"華安診所",
    "tel":"2848-1500",
    "address":"新北市長安街205號",
    "data_time":"2025-05-31 15:47:59",
    "district":"板橋區"
    }
  },
  {
    "type": "Feature",
    "geometry": {
       "type": "Point",
       "coordinates":  [ 121.465356,25.012172 ]
    },
    "properties": {
    "institution name":"華邦診所",
    "tel":"2283-3990",
    "address":"新北市中正路119－1號",
    "data_time":"2025-05-31 15:47:59",
    "district":"板橋區"
    }
  },
  {
    "type": "Feature",
    "geometry": {
       "type": "Point",
       "coordinates":  [ 121.465356,25.012172 ]
    },
    "properties": {
    "institution name":"詠贊聯合診所",
    "tel":"8283-1555",
    "address":"新北市中正路85號",
    "data_time":"2025-05-31 15:47:59",
    "district":"板橋區"
    }
  },
  {
    "type": "Feature",
    "geometry": {
       "type": "Point",
       "coordinates":  [ 121.465356,25.012172 ]
    },
    "properties": {
    "institution name":"超群耳鼻喉科",
    "tel":"2848-7547",
    "address":"新北市長安街78號",
    "data_time":"2025-05-31 15:47:59",
    "district":"板橋區"
    }
  },
  {
    "type": "Feature",
    "geometry": {
       "type": "Point",
       "coordinates":  [ 121.465356,25.012172 ]
    },
    "properties": {
    "institution name":"集賢內科診所",
    "tel":"2288-6720",
    "address":"新北市集賢路356號1樓",
    "data_time":"2025-05-31 15:47:59",
    "district":"板橋區"
    }
  },
  {
    "type": "Feature",
    "geometry": {
       "type": "Point",
       "coordinates":  [ 121.465356,25.012172 ]
    },
    "properties": {
    "institution name":"愛林鑫北診所",
    "tel":"2288-3277",
    "address":"新北市長榮路98號1樓",
    "data_time":"2025-05-31 15:47:59",
    "district":"板橋區"
    }
  },
  {
    "type": "Feature",
    "geometry": {
       "type": "Point",
       "coordinates":  [ 121.465356,25.012172 ]
    },
    "properties": {
    "institution name":"愛樂親子診所",
    "tel":"2283-2288",
    "address":"新北市長樂路168號",
    "data_time":"2025-05-31 15:47:59",
    "district":"板橋區"
    }
  },
  {
    "type": "Feature",
    "geometry": {
       "type": "Point",
       "coordinates":  [ 121.465356,25.012172 ]
    },
    "properties": {
    "institution name":"愛麗生婦產科",
    "tel":"2289-0666",
    "address":"新北市長榮路323號",
    "data_time":"2025-05-31 15:47:59",
    "district":"板橋區"
    }
  },
  {
    "type": "Feature",
    "geometry": {
       "type": "Point",
       "coordinates":  [ 121.465356,25.012172 ]
    },
    "properties": {
    "institution name":"福田診所",
    "tel":"8286-3287",
    "address":"新北市中正路140號",
    "data_time":"2025-05-31 15:47:59",
    "district":"板橋區"
    }
  },
  {
    "type": "Feature",
    "geometry": {
       "type": "Point",
       "coordinates":  [ 121.465356,25.012172 ]
    },
    "properties": {
    "institution name":"劉安邦耳鼻喉科",
    "tel":"2281-9819",
    "address":"新北市中正路13號",
    "data_time":"2025-05-31 15:47:59",
    "district":"板橋區"
    }
  },
  {
    "type": "Feature",
    "geometry": {
       "type": "Point",
       "coordinates":  [ 121.465356,25.012172 ]
    },
    "properties": {
    "institution name":"德興診所",
    "tel":"2285-5598",
    "address":"新北市復興路67號",
    "data_time":"2025-05-31 15:47:59",
    "district":"板橋區"
    }
  },
  {
    "type": "Feature",
    "geometry": {
       "type": "Point",
       "coordinates":  [ 121.465356,25.012172 ]
    },
    "properties": {
    "institution name":"鴻文耳鼻喉科診所",
    "tel":"8286-3222",
    "address":"新北市集賢路224巷14號",
    "data_time":"2025-05-31 15:47:59",
    "district":"板橋區"
    }
  },
  {
    "type": "Feature",
    "geometry": {
       "type": "Point",
       "coordinates":  [ 121.465356,25.012172 ]
    },
    "properties": {
    "institution name":"顏鴻仁家庭醫學科診所",
    "tel":"2283-1488",
    "address":"新北市民族路127號",
    "data_time":"2025-05-31 15:47:59",
    "district":"板橋區"
    }
  },
  {
    "type": "Feature",
    "geometry": {
       "type": "Point",
       "coordinates":  [ 121.465356,25.012172 ]
    },
    "properties": {
    "institution name":"蘆洲立民診所",
    "tel":"8282-2192",
    "address":"新北市民族路90號",
    "data_time":"2025-05-31 15:47:59",
    "district":"板橋區"
    }
  },
  {
    "type": "Feature",
    "geometry": {
       "type": "Point",
       "coordinates":  [ 121.465356,25.012172 ]
    },
    "properties": {
    "institution name":"蘆洲成功耳鼻喉科",
    "tel":"8283-3588",
    "address":"新北市長安街253號",
    "data_time":"2025-05-31 15:47:59",
    "district":"板橋區"
    }
  },
  {
    "type": "Feature",
    "geometry": {
       "type": "Point",
       "coordinates":  [ 121.465356,25.012172 ]
    },
    "properties": {
    "institution name":"蘆洲李耳鼻喉科",
    "tel":"8281-5488",
    "address":"新北市中華街63號1樓",
    "data_time":"2025-05-31 15:47:59",
    "district":"板橋區"
    }
  },
  {
    "type": "Feature",
    "geometry": {
       "type": "Point",
       "coordinates":  [ 121.465356,25.012172 ]
    },
    "properties": {
    "institution name":"蘆洲現代耳鼻喉科",
    "tel":"8281-1112",
    "address":"新北市集賢路306號",
    "data_time":"2025-05-31 15:47:59",
    "district":"板橋區"
    }
  },
  {
    "type": "Feature",
    "geometry": {
       "type": "Point",
       "coordinates":  [ 121.465356,25.012172 ]
    },
    "properties": {
    "institution name":"蘆洲集賢耳鼻喉科",
    "tel":"8281-1112",
    "address":"新北市集賢路306號",
    "data_time":"2025-05-31 15:47:59",
    "district":"板橋區"
    }
  },
  {
    "type": "Feature",
    "geometry": {
       "type": "Point",
       "coordinates":  [ 121.465356,25.012172 ]
    },
    "properties": {
    "institution name":"鶯歌區衛生所",
    "tel":"2670-2304",
    "address":"新北市鶯歌區文化路389號(若因施工期程有異動請參考官網公告為主)",
    "data_time":"2025-05-31 15:47:59",
    "district":"鶯歌區"
    }
  },
  {
    "type": "Feature",
    "geometry": {
       "type": "Point",
       "coordinates":  [ 121.349972,24.953389 ]
    },
    "properties": {
    "institution name":"怡兒診所",
    "tel":"2670-7200",
    "address":"新北市鶯歌區建國路173號",
    "data_time":"2025-05-31 15:47:59",
    "district":"鶯歌區"
    }
  },
  {
    "type": "Feature",
    "geometry": {
       "type": "Point",
       "coordinates":  [ 121.35123,24.953076 ]
    },
    "properties": {
    "institution name":"金鶯診所",
    "tel":"2670-2559",
    "address":"新北市鶯歌區國慶街167號",
    "data_time":"2025-05-31 15:47:59",
    "district":"鶯歌區"
    }
  },
  {
    "type": "Feature",
    "geometry": {
       "type": "Point",
       "coordinates":  [ 121.350963,24.953551 ]
    },
    "properties": {
    "institution name":"崇文診所",
    "tel":"2678-3366",
    "address":"新北市鶯歌區國慶街141號",
    "data_time":"2025-05-31 15:47:59",
    "district":"鶯歌區"
    }
  },
  {
    "type": "Feature",
    "geometry": {
       "type": "Point",
       "coordinates":  [ 121.351048,24.953381 ]
    },
    "properties": {
    "institution name":"慈德聯合診所",
    "tel":"2677-2600",
    "address":"新北市鶯歌區國慶街151號",
    "data_time":"2025-05-31 15:47:59",
    "district":"鶯歌區"
    }
  }
]
}